[2026-05-21 09:08:13] Starting poll for task 9995 (tiered-4cu-L2), polling every 600s
[2026-05-21 09:08:13] Redis status: 1
[2026-05-21 09:18:13] Instance from QTP: in01-595c4f9761cd0ff
[2026-05-21 09:18:13] Redis status: 1
[2026-05-21 09:18:15]   binlog=1.06GiB, rows=0.366M
[2026-05-21 09:28:15] Redis status: 1
[2026-05-21 09:28:17]   binlog=12.92GiB, rows=4.477M
[2026-05-21 09:38:17] Redis status: 1
[2026-05-21 09:38:19]   binlog=24.63GiB, rows=8.532M
[2026-05-21 09:48:19] Redis status: 1
[2026-05-21 09:48:20]   binlog=36.35GiB, rows=12.593M
[2026-05-21 09:58:20] Redis status: 1
[2026-05-21 09:58:22]   binlog=48.07GiB, rows=16.690M
[2026-05-21 10:08:22] Redis status: 1
[2026-05-21 10:08:24]   binlog=60.01GiB, rows=20.800M
[2026-05-21 10:18:24] Redis status: 1
[2026-05-21 10:18:26]   binlog=71.85GiB, rows=24.890M
[2026-05-21 10:28:26] Redis status: 1
[2026-05-21 10:28:28]   binlog=83.63GiB, rows=28.972M
[2026-05-21 10:38:28] Redis status: 1
[2026-05-21 10:38:30]   binlog=95.23GiB, rows=32.989M
[2026-05-21 10:48:30] Redis status: 1
[2026-05-21 10:48:31]   binlog=107.02GiB, rows=37.075M
[2026-05-21 10:58:31] Redis status: 1
[2026-05-21 10:58:33]   binlog=118.98GiB, rows=41.218M
[2026-05-21 11:08:33] Redis status: 1
[2026-05-21 11:08:35]   binlog=130.69GiB, rows=45.275M
[2026-05-21 11:18:35] Redis status: 1
[2026-05-21 11:18:37]   binlog=142.48GiB, rows=49.359M
[2026-05-21 11:28:37] Redis status: 1
[2026-05-21 11:28:39]   binlog=154.29GiB, rows=53.451M
[2026-05-21 11:38:39] Redis status: 1
[2026-05-21 11:38:41]   binlog=165.99GiB, rows=57.503M
[2026-05-21 11:48:41] Redis status: 1
[2026-05-21 11:48:43]   binlog=177.61GiB, rows=61.588M
[2026-05-21 11:58:43] Redis status: 1
[2026-05-21 11:58:45]   binlog=189.17GiB, rows=65.414M
[2026-05-21 12:08:45] Redis status: 1
[2026-05-21 12:08:47]   binlog=201.45GiB, rows=69.786M
[2026-05-21 12:18:47] Redis status: 1
[2026-05-21 12:18:49]   binlog=213.16GiB, rows=73.844M
[2026-05-21 12:28:50] Redis status: 1
[2026-05-21 12:28:51]   binlog=224.97GiB, rows=77.935M
[2026-05-21 12:38:52] Redis status: 1
[2026-05-21 12:38:55]   binlog=236.76GiB, rows=82.043M
[2026-05-21 12:48:55] Redis status: 1
[2026-05-21 12:48:57]   binlog=248.65GiB, rows=86.137M
[2026-05-21 12:58:57] Redis status: 1
[2026-05-21 12:59:00]   binlog=260.36GiB, rows=90.196M
[2026-05-21 13:09:00] Redis status: 1
[2026-05-21 13:09:01]   binlog=272.22GiB, rows=94.367M
[2026-05-21 13:19:04] Redis status: 1
[2026-05-21 13:19:05]   binlog=284.21GiB, rows=98.457M
[2026-05-21 13:29:06] Redis status: 1
[2026-05-21 13:29:07]   binlog=296.02GiB, rows=102.547M
[2026-05-21 13:39:07] Redis status: 1
[2026-05-21 13:39:10]   binlog=307.83GiB, rows=106.640M
[2026-05-21 13:49:10] Redis status: 1
[2026-05-21 13:49:11]   binlog=319.64GiB, rows=110.785M
[2026-05-21 13:59:12] Redis status: 1
[2026-05-21 13:59:13]   binlog=331.56GiB, rows=114.859M
[2026-05-21 14:09:13] Redis status: 1
[2026-05-21 14:09:15]   binlog=343.45GiB, rows=118.980M
[2026-05-21 14:19:15] Redis status: 1
[2026-05-21 14:19:18]   binlog=355.27GiB, rows=123.073M
[2026-05-21 14:29:18] Redis status: 1
[2026-05-21 14:29:20]   binlog=366.96GiB, rows=127.122M
[2026-05-21 14:39:20] Redis status: 1
[2026-05-21 14:39:22]   binlog=378.93GiB, rows=131.268M
[2026-05-21 14:49:23] Redis status: 1
[2026-05-21 14:49:24]   binlog=390.72GiB, rows=135.372M
[2026-05-21 14:59:24] Redis status: 1
[2026-05-21 14:59:27]   binlog=402.58GiB, rows=139.461M
[2026-05-21 15:09:27] Redis status: 1
[2026-05-21 15:09:30]   binlog=414.38GiB, rows=143.550M
[2026-05-21 15:19:30] Redis status: 1
[2026-05-21 15:19:32]   binlog=426.18GiB, rows=147.699M
[2026-05-21 15:29:32] Redis status: 1
[2026-05-21 15:29:34]   binlog=438.17GiB, rows=151.790M
[2026-05-21 15:39:34] Redis status: 1
[2026-05-21 15:39:36]   binlog=449.96GiB, rows=155.877M
[2026-05-21 15:49:37] Redis status: 1
[2026-05-21 15:49:39]   binlog=461.73GiB, rows=159.953M
[2026-05-21 15:59:39] Redis status: 2
[2026-05-21 15:59:41]   binlog=461.86GiB, rows=160.000M
[2026-05-21 15:59:41] === CHECKPOINT REACHED ===
[2026-05-21 15:59:47] Target: RSS=7.32GiB, S3=461.86GiB, rows=160000000
[2026-05-21 15:59:47] Resuming task...
[2026-05-21 15:59:47] Resume: {'code': 200, 'message': '请求成功', 'data': 1}
[2026-05-21 15:59:57] Redis status: 1
[2026-05-21 15:59:59]   binlog=461.86GiB, rows=160.000M
[2026-05-21 16:09:59] Redis status: 1
[2026-05-21 16:10:01]   binlog=471.85GiB, rows=163.460M
[2026-05-21 16:20:01] Redis status: 1
[2026-05-21 16:20:04]   binlog=483.78GiB, rows=167.592M
[2026-05-21 16:30:04] Redis status: 1
[2026-05-21 16:30:06]   binlog=495.26GiB, rows=171.569M
[2026-05-21 16:40:06] Redis status: 1
[2026-05-21 16:40:08]   binlog=506.99GiB, rows=175.633M
[2026-05-21 16:50:08] Redis status: 1
[2026-05-21 16:50:10]   binlog=518.78GiB, rows=179.718M
[2026-05-21 17:00:11] Redis status: 1
[2026-05-21 17:00:14]   binlog=530.75GiB, rows=183.882M
[2026-05-21 17:10:14] Redis status: 1
[2026-05-21 17:10:17]   binlog=542.44GiB, rows=187.912M
[2026-05-21 17:20:17] Redis status: 1
[2026-05-21 17:20:19]   binlog=554.19GiB, rows=191.983M
[2026-05-21 17:30:19] Redis status: 1
[2026-05-21 17:30:21]   binlog=565.93GiB, rows=196.052M
[2026-05-21 17:40:22] Redis status: 1
[2026-05-21 17:40:24]   binlog=577.72GiB, rows=200.151M
[2026-05-21 17:50:25] Redis status: 1
[2026-05-21 17:50:27]   binlog=589.39GiB, rows=204.179M
[2026-05-21 18:00:27] Redis status: 1
[2026-05-21 18:00:29]   binlog=597.88GiB, rows=207.117M
[2026-05-21 18:10:29] Redis status: 1
[2026-05-21 18:10:31]   binlog=606.22GiB, rows=210.007M
[2026-05-21 19:56:46] Redis status: 1
[2026-05-21 19:56:48]   binlog=695.49GiB, rows=240.933M
[2026-05-21 20:06:48] Redis status: 1
[2026-05-21 20:06:50]   binlog=703.85GiB, rows=243.828M
[2026-05-21 20:16:50] Redis status: 1
[2026-05-21 20:16:53]   binlog=712.27GiB, rows=246.747M
[2026-05-21 20:26:53] Redis status: 1
[2026-05-21 20:26:55]   binlog=720.72GiB, rows=249.673M
[2026-05-21 20:36:56] Redis status: 1
[2026-05-21 20:36:58]   binlog=729.09GiB, rows=252.572M
[2026-05-21 20:46:58] Redis status: 1
[2026-05-21 20:47:01]   binlog=737.41GiB, rows=255.455M
[2026-05-21 20:57:01] Redis status: 1
[2026-05-21 20:57:03]   binlog=745.85GiB, rows=258.380M
[2026-05-21 21:07:03] Redis status: 1
[2026-05-21 21:07:05]   binlog=754.19GiB, rows=261.268M
[2026-05-21 21:17:05] Redis status: 1
[2026-05-21 21:17:07]   binlog=762.51GiB, rows=264.150M
[2026-05-21 21:27:07] Redis status: 1
[2026-05-21 21:27:09]   binlog=770.88GiB, rows=267.048M
[2026-05-21 21:37:09] Redis status: 1
[2026-05-21 21:37:11]   binlog=779.20GiB, rows=269.931M
[2026-05-21 21:47:11] Redis status: 1
[2026-05-21 21:47:13]   binlog=787.68GiB, rows=272.869M
[2026-05-21 21:57:13] Redis status: 1
[2026-05-21 21:57:15]   binlog=796.10GiB, rows=275.787M
[2026-05-21 22:07:16] Redis status: 1
[2026-05-21 22:07:17]   binlog=800.03GiB, rows=277.147M
[2026-05-21 22:17:18] Redis status: 1
[2026-05-21 22:27:21] Redis status: 1
[2026-05-21 22:37:23] Redis status: 1
[2026-05-21 22:47:25] Redis status: 1
[2026-05-21 22:57:27] Redis status: 1
[2026-05-21 23:07:30] Redis status: 1
[2026-05-21 23:17:32] Redis status: 1
[2026-05-21 23:27:34] Redis status: 1
[2026-05-21 23:37:36] Redis status: 1
[2026-05-21 23:47:38] Redis status: 1
[2026-05-21 23:57:40] Redis status: 1
[2026-05-22 00:07:43] Redis status: 1
[2026-05-22 00:17:45] Redis status: 1
[2026-05-22 00:27:49] Redis status: 1
[2026-05-22 00:37:51] Redis status: 1
[2026-05-22 00:47:53] Redis status: 1
[2026-05-22 00:57:55] Redis status: 1
[2026-05-22 01:07:57] Redis status: 1
[2026-05-22 01:17:59] Redis status: 1
[2026-05-22 01:28:01] Redis status: 1
[2026-05-22 01:38:03] Redis status: 1
[2026-05-22 01:48:05] Redis status: 1
[2026-05-22 01:58:07] Redis status: 1
[2026-05-22 02:08:09] Redis status: 1
[2026-05-22 02:18:11] Redis status: 1
[2026-05-22 02:28:13] Redis status: 1
[2026-05-22 02:38:15] Redis status: 1
[2026-05-22 02:48:17] Redis status: 1
[2026-05-22 02:58:19] Redis status: 1
[2026-05-22 03:08:22] Redis status: 1
[2026-05-22 03:18:24] Redis status: 1
[2026-05-22 03:28:26] Redis status: 1
[2026-05-22 03:38:28] Redis status: 1
[2026-05-22 03:48:30] Redis status: 1
[2026-05-22 03:58:32] Redis status: 1
[2026-05-22 04:08:34] Redis status: 1
[2026-05-22 04:18:36] Redis status: 1
[2026-05-22 04:28:38] Redis status: 1
[2026-05-22 04:38:40] Redis status: 1
[2026-05-22 04:48:42] Redis status: 1
[2026-05-22 04:58:44] Redis status: 1
[2026-05-22 05:08:46] Redis status: 1
[2026-05-22 05:18:48] Redis status: 1
[2026-05-22 05:28:50] Redis status: 1
[2026-05-22 05:38:55] Redis status: 1
[2026-05-22 05:48:56] Redis status: 1
[2026-05-22 05:58:58] Redis status: 1
[2026-05-22 06:09:00] Redis status: 1
[2026-05-22 06:19:02] Redis status: 1
[2026-05-22 06:29:05] Redis status: 1
[2026-05-22 06:39:07] Redis status: 1
[2026-05-22 06:49:08] Redis status: 1
[2026-05-22 06:59:10] Redis status: 1
[2026-05-22 07:09:12] Redis status: 1
[2026-05-22 07:19:14] Redis status: 1
[2026-05-22 07:29:17] Redis status: 1
[2026-05-22 08:51:35] Redis status: 1
[2026-05-22 09:01:37] Redis status: 1
[2026-05-22 09:11:39] Redis status: 1
[2026-05-22 09:21:41] Redis status: 1
[2026-05-22 09:31:43] Redis status: 1
[2026-05-22 09:41:45] Redis status: 1
[2026-05-22 09:51:46] Redis status: 1
[2026-05-22 10:01:48] Redis status: 1
[2026-05-22 10:11:50] Redis status: 1
[2026-05-22 10:21:52] Redis status: 1
[2026-05-22 10:31:54] Redis status: 1
[2026-05-22 10:41:56] Redis status: 1
[2026-05-22 10:51:58] Redis status: 1
[2026-05-22 11:01:59] Redis status: 1
[2026-05-22 11:12:01] Redis status: 1
[2026-05-22 11:22:03] Redis status: 1
[2026-05-22 11:32:06] Redis status: 1
[2026-05-22 11:42:09] Redis status: 1
[2026-05-22 11:52:11] Redis status: 1
[2026-05-22 12:02:13] Redis status: 1
[2026-05-22 12:12:15] Redis status: 1
[2026-05-22 12:22:17] Redis status: 1
[2026-05-22 12:32:19] Redis status: 1
[2026-05-22 12:42:21] Redis status: 1
[2026-05-22 12:52:23] Redis status: 1
[2026-05-22 13:02:25] Redis status: 1
[2026-05-22 13:12:27] Redis status: 1
[2026-05-22 13:22:29] Redis status: 1
[2026-05-22 13:32:31] Redis status: 1
[2026-05-22 13:42:32] Redis status: 1
[2026-05-22 13:52:34] Redis status: 1
[2026-05-22 14:02:36] Redis status: 1
[2026-05-22 14:12:38] Redis status: 1
[2026-05-22 14:22:40] Redis status: 1
[2026-05-22 14:32:42] Redis status: 1
[2026-05-22 14:42:44] Redis status: 1
[2026-05-22 14:52:46] Redis status: 1
[2026-05-22 15:02:47] Redis status: 1
[2026-05-22 15:12:49] Redis status: 1
[2026-05-22 15:22:51] Redis status: 1
[2026-05-22 15:32:53] Redis status: 1
[2026-05-22 15:42:55] Redis status: 1
[2026-05-22 15:52:57] Redis status: 1
[2026-05-22 16:02:59] Redis status: 1
[2026-05-22 16:13:01] Redis status: 1
[2026-05-22 16:23:03] Redis status: 1
[2026-05-22 16:33:05] Redis status: 1
[2026-05-22 16:43:06] Redis status: 1
[2026-05-22 16:53:08] Redis status: 1
[2026-05-22 17:03:10] Redis status: 1
[2026-05-22 17:13:12] Redis status: 1
[2026-05-22 17:23:15] Redis status: 1
[2026-05-22 17:33:17] Redis status: 1
[2026-05-22 17:43:19] Redis status: 1
[2026-05-22 17:53:21] Redis status: 1
[2026-05-22 18:03:23] Redis status: 1
[2026-05-22 20:30:14] Error: <urlopen error timed out>
[2026-05-22 23:58:32] Error: <urlopen error timed out>
[2026-05-23 03:51:49] Error: <urlopen error timed out>
[2026-05-23 07:58:07] Error: <urlopen error timed out>
[2026-05-23 12:37:57] Error: <urlopen error timed out>
[2026-05-23 16:59:26] Error: <urlopen error timed out>
[2026-05-23 20:46:52] Error: <urlopen error timed out>
[2026-05-24 00:37:46] Error: <urlopen error timed out>
[2026-05-24 08:23:51] Error: <urlopen error [Errno 60] Operation timed out>
[2026-05-24 14:03:09] Error: <urlopen error timed out>
[2026-05-24 19:26:13] Error: <urlopen error timed out>
[2026-05-24 23:59:55] Error: <urlopen error timed out>
[2026-05-25 07:39:45] Error: <urlopen error timed out>
[2026-05-25 09:12:54] Redis status: 1
[2026-05-25 09:22:56] Redis status: 1
[2026-05-25 09:32:58] Redis status: 1
[2026-05-25 09:43:00] Redis status: 1
[2026-05-25 09:53:02] Redis status: 1
[2026-05-25 10:03:04] Redis status: 1
[2026-05-25 10:13:06] Redis status: 1
[2026-05-25 10:23:09] Redis status: 1
[2026-05-25 10:33:11] Redis status: 1
[2026-05-25 10:43:14] Redis status: 1
[2026-05-25 10:53:19] Redis status: 1
[2026-05-25 11:03:22] Redis status: 1
[2026-05-25 11:13:25] Redis status: 1
[2026-05-25 11:23:28] Redis status: 1
[2026-05-25 11:33:31] Redis status: 1
[2026-05-25 11:43:35] Redis status: 1
[2026-05-25 11:53:37] Redis status: 1
[2026-05-25 12:03:40] Redis status: 1
[2026-05-25 12:13:42] Redis status: 1
[2026-05-25 12:23:45] Redis status: 1
[2026-05-25 12:33:47] Redis status: 1
[2026-05-25 12:43:49] Redis status: 1
[2026-05-25 12:53:51] Redis status: 1
[2026-05-25 13:03:53] Redis status: 1
[2026-05-25 13:13:55] Redis status: 1
[2026-05-25 13:23:57] Redis status: 1
[2026-05-25 13:33:59] Redis status: 1
[2026-05-25 13:44:00] Redis status: 1
[2026-05-25 13:54:02] Redis status: 1
[2026-05-25 14:04:04] Redis status: 1
[2026-05-25 14:14:06] Redis status: 1
[2026-05-25 14:24:08] Redis status: 1
[2026-05-25 14:34:09] Redis status: 1
[2026-05-25 14:44:11] Redis status: 1
[2026-05-25 14:54:13] Redis status: 1
[2026-05-25 15:04:15] Redis status: 1
[2026-05-25 15:14:16] Redis status: 1
[2026-05-25 15:24:18] Redis status: 1
[2026-05-25 15:34:21] Redis status: 1
[2026-05-25 15:44:23] Redis status: 1
[2026-05-25 15:54:24] Redis status: 1
[2026-05-25 16:04:26] Redis status: 1
[2026-05-25 16:14:28] Redis status: 1
[2026-05-25 16:24:31] Redis status: 1
[2026-05-25 16:34:33] Redis status: 1
[2026-05-25 16:44:35] Redis status: 1
[2026-05-25 16:54:37] Redis status: 1
[2026-05-25 17:04:39] Redis status: 1
[2026-05-25 17:14:41] Redis status: 1
[2026-05-25 17:24:43] Redis status: 1
[2026-05-25 17:34:45] Redis status: 1
[2026-05-25 17:44:47] Redis status: 1
[2026-05-25 17:54:49] Redis status: 1
[2026-05-25 18:04:51] Redis status: 1
[2026-05-25 19:41:34] Error: <urlopen error timed out>
[2026-05-25 20:53:55] Error: <urlopen error timed out>
[2026-05-25 22:00:25] Error: <urlopen error timed out>
[2026-05-25 23:03:24] Error: <urlopen error timed out>
[2026-05-26 00:33:40] Error: <urlopen error timed out>
[2026-05-26 01:53:24] Error: <urlopen error timed out>
[2026-05-26 02:58:57] Error: <urlopen error timed out>
[2026-05-26 04:03:05] Error: <urlopen error timed out>
[2026-05-26 05:06:53] Error: <urlopen error timed out>
[2026-05-26 06:21:02] Error: <urlopen error timed out>
[2026-05-26 08:12:33] Error: <urlopen error [Errno 8] nodename nor servname provided, or not known>
[2026-05-26 09:12:22] Redis status: 1
[2026-05-26 09:22:24] Redis status: 1
[2026-05-26 09:32:26] Redis status: 1
[2026-05-26 09:42:28] Redis status: 1
[2026-05-26 09:52:29] Redis status: 1
[2026-05-26 10:02:31] Redis status: 1
[2026-05-26 10:12:33] Redis status: 1
[2026-05-26 10:22:35] Redis status: 1
[2026-05-26 10:32:37] Redis status: 1
[2026-05-26 10:42:39] Redis status: 1
[2026-05-26 10:52:40] Redis status: 1
[2026-05-26 11:02:42] Redis status: 1
[2026-05-26 11:12:45] Redis status: 1
[2026-05-26 11:22:48] Redis status: 1
[2026-05-26 11:32:50] Redis status: 1
[2026-05-26 11:42:52] Redis status: 1
[2026-05-26 11:52:55] Redis status: 1
[2026-05-26 12:02:57] Redis status: 1
[2026-05-26 12:12:59] Redis status: 1
[2026-05-26 12:23:01] Redis status: 1
[2026-05-26 12:33:04] Redis status: 1
[2026-05-26 12:43:06] Redis status: 1
[2026-05-26 12:53:08] Redis status: 1
[2026-05-26 13:03:09] Redis status: 1
[2026-05-26 13:13:11] Redis status: 1
[2026-05-26 13:23:13] Redis status: 1
[2026-05-26 13:33:15] Redis status: 1
[2026-05-26 14:00:50] Redis status: 1
[2026-05-26 14:10:53] Redis status: 1
[2026-05-26 14:20:55] Redis status: 1
[2026-05-26 14:30:56] Redis status: 1
[2026-05-26 14:40:58] Redis status: 1
[2026-05-26 14:51:01] Redis status: 1
[2026-05-26 15:01:03] Redis status: 1
[2026-05-26 15:11:05] Redis status: 1
[2026-05-26 15:21:07] Redis status: 1
[2026-05-26 15:31:09] Redis status: 1
[2026-05-26 15:41:11] Redis status: 1
[2026-05-26 15:51:13] Redis status: 1
[2026-05-26 16:01:15] Redis status: 1
[2026-05-26 16:11:16] Redis status: 1
[2026-05-26 16:21:19] Redis status: 1
[2026-05-26 16:31:20] Redis status: 1
[2026-05-26 16:41:23] Redis status: 1
[2026-05-26 16:51:24] Redis status: 1
[2026-05-26 17:01:26] Redis status: 1
[2026-05-26 17:11:28] Redis status: 1
[2026-05-26 17:21:30] Redis status: 1
[2026-05-26 17:31:33] Redis status: 1
[2026-05-26 17:41:35] Redis status: 1
[2026-05-26 17:51:37] Redis status: 1
[2026-05-26 18:01:40] Redis status: 1
[2026-05-26 19:38:08] Error: <urlopen error timed out>
[2026-05-26 20:46:12] Error: <urlopen error [Errno 8] nodename nor servname provided, or not known>
[2026-05-26 21:56:07] Error: <urlopen error timed out>
[2026-05-27 02:05:20] Error: <urlopen error timed out>
[2026-05-27 05:05:05] Error: <urlopen error timed out>
[2026-05-27 08:08:24] Error: <urlopen error timed out>
[2026-05-27 10:59:39] Error: <urlopen error timed out>
[2026-05-27 14:13:59] Error: <urlopen error timed out>
[2026-05-27 16:48:26] Error: <urlopen error [Errno 60] Operation timed out>
[2026-05-27 19:19:31] Error: <urlopen error timed out>
[2026-05-27 22:22:44] Error: <urlopen error timed out>
[2026-05-28 01:38:23] Error: <urlopen error timed out>
[2026-05-28 04:38:32] Error: <urlopen error timed out>
[2026-05-28 07:28:14] Error: <urlopen error timed out>
[2026-05-28 09:14:24] Error: <urlopen error timed out>
[2026-05-28 09:24:54] Error: <urlopen error timed out>
[2026-05-28 09:34:56] Redis status: 1
[2026-05-28 09:44:58] Redis status: 1
[2026-05-28 09:54:59] Redis status: 1
[2026-05-28 10:05:01] Redis status: 1
[2026-05-28 10:15:03] Redis status: 1
[2026-05-28 10:25:05] Redis status: 1
[2026-05-28 10:35:07] Redis status: 1
[2026-05-28 10:45:09] Redis status: 1
[2026-05-28 10:55:12] Redis status: 1
[2026-05-28 11:05:14] Redis status: 1
[2026-05-28 11:15:16] Redis status: 1
[2026-05-28 11:25:18] Redis status: 1
[2026-05-28 11:35:20] Redis status: 1
[2026-05-28 11:45:23] Redis status: 1
[2026-05-28 11:55:25] Redis status: 1
[2026-05-28 12:05:27] Redis status: 1
[2026-05-28 12:15:30] Redis status: 1
[2026-05-28 12:25:32] Redis status: 1
[2026-05-28 12:35:34] Redis status: 1
[2026-05-28 12:45:36] Redis status: 1
[2026-05-28 12:55:38] Redis status: 1
[2026-05-28 13:05:40] Redis status: 1
[2026-05-28 13:15:43] Redis status: 1
[2026-05-28 13:25:44] Redis status: 1
[2026-05-28 13:35:46] Redis status: 1
[2026-05-28 13:45:49] Redis status: 1
[2026-05-28 13:55:51] Redis status: 1
[2026-05-28 14:05:52] Redis status: 1
[2026-05-28 14:15:54] Redis status: 1
[2026-05-28 14:25:57] Redis status: 1
[2026-05-28 14:35:59] Redis status: 1
[2026-05-28 14:46:01] Redis status: 1
[2026-05-28 14:56:04] Redis status: 1
[2026-05-28 15:06:06] Redis status: 1
[2026-05-28 15:16:08] Redis status: 1
[2026-05-28 15:26:11] Redis status: 1
[2026-05-28 15:36:12] Redis status: 1
[2026-05-28 15:46:15] Redis status: 1
[2026-05-28 15:56:17] Redis status: 1
[2026-05-28 16:06:19] Redis status: 1
[2026-05-28 16:16:21] Redis status: 1
[2026-05-28 16:26:23] Redis status: 1
[2026-05-28 16:36:26] Redis status: 1
[2026-05-28 16:46:28] Redis status: 1
[2026-05-28 16:56:30] Redis status: 1
[2026-05-28 17:06:33] Redis status: 1
[2026-05-28 17:16:35] Redis status: 1
[2026-05-28 17:26:38] Redis status: 1
[2026-05-28 17:36:40] Redis status: 1
[2026-05-28 17:46:42] Redis status: 1
[2026-05-28 17:56:44] Redis status: 1
[2026-05-28 18:06:49] Redis status: 1
[2026-05-28 19:43:24] Error: <urlopen error timed out>
[2026-05-28 20:54:20] Error: <urlopen error timed out>
[2026-05-28 22:01:23] Error: <urlopen error timed out>
[2026-05-28 23:11:38] Error: <urlopen error timed out>
[2026-05-29 00:21:15] Error: <urlopen error timed out>
[2026-05-29 01:48:35] Error: <urlopen error timed out>
[2026-05-29 02:58:25] Error: <urlopen error timed out>
[2026-05-29 04:01:09] Error: <urlopen error timed out>
[2026-05-29 05:08:11] Error: <urlopen error timed out>
[2026-05-29 06:14:34] Error: <urlopen error timed out>
[2026-05-29 07:24:52] Error: <urlopen error timed out>
[2026-05-29 09:04:58] Redis status: 1
[2026-05-29 09:15:00] Redis status: 1
[2026-05-29 09:25:02] Redis status: 1
[2026-05-29 09:35:04] Redis status: 1
[2026-05-29 09:45:05] Redis status: 1
[2026-05-29 09:55:08] Redis status: 1
[2026-05-29 10:05:09] Redis status: 1
[2026-05-29 10:15:11] Redis status: 1
[2026-05-29 10:25:14] Redis status: 1
[2026-05-29 10:35:16] Redis status: 1
[2026-05-29 10:45:18] Redis status: 1
[2026-05-29 10:55:20] Redis status: 1
[2026-05-29 11:05:22] Redis status: 1
[2026-05-29 11:15:26] Redis status: 1
[2026-05-29 11:25:31] Redis status: 1
[2026-05-29 11:35:33] Redis status: 1
[2026-05-29 11:45:36] Redis status: 1
[2026-05-29 11:55:38] Redis status: 1
[2026-05-29 12:05:40] Redis status: 1
[2026-05-29 12:15:42] Redis status: 1
[2026-05-29 12:25:47] Redis status: 1
[2026-05-29 12:35:49] Redis status: 1
[2026-05-29 12:45:51] Redis status: 1
[2026-05-29 12:55:54] Redis status: 1
[2026-05-29 13:05:57] Redis status: 1
[2026-05-29 13:15:59] Redis status: 1
[2026-05-29 13:26:02] Redis status: 1
[2026-05-29 13:36:05] Redis status: 1
[2026-05-29 13:46:07] Redis status: 1
[2026-05-29 13:56:09] Redis status: 1
[2026-05-29 14:06:11] Redis status: 1
[2026-05-29 14:16:13] Redis status: 1
[2026-05-29 14:26:16] Redis status: 1
[2026-05-29 14:36:18] Redis status: 1
[2026-05-29 14:46:21] Redis status: 1
[2026-05-29 14:56:23] Redis status: 1
[2026-05-29 15:06:27] Redis status: 1
[2026-05-29 15:16:29] Redis status: 1
[2026-05-29 15:26:30] Redis status: 1
[2026-05-29 15:36:32] Redis status: 1
[2026-05-29 15:46:34] Redis status: 1
[2026-05-29 15:56:36] Redis status: 1
[2026-05-29 16:06:38] Redis status: 1
[2026-05-29 16:16:41] Redis status: 1
[2026-05-29 16:26:43] Redis status: 1
[2026-05-29 16:36:45] Redis status: 1
[2026-05-29 16:46:47] Redis status: 1
[2026-05-29 16:56:50] Redis status: 1
[2026-05-29 17:06:52] Redis status: 1
[2026-05-29 17:16:54] Redis status: 1
[2026-05-29 17:26:56] Redis status: 1
[2026-05-29 17:36:58] Redis status: 1
[2026-05-29 17:47:00] Redis status: 1
[2026-05-29 17:57:02] Redis status: 1
[2026-05-29 18:07:05] Redis status: 1
[2026-05-29 18:15:16] Error: <urlopen error _ssl.c:1063: The handshake operation timed out>
[2026-05-29 21:24:00] Redis status: 1
[2026-05-29 23:22:04] Error: <urlopen error timed out>
[2026-05-30 01:06:40] Error: <urlopen error timed out>
[2026-05-30 02:15:19] Error: <urlopen error timed out>
[2026-05-30 03:26:06] Error: <urlopen error timed out>
[2026-05-30 05:54:32] Error: <urlopen error [Errno 60] Operation timed out>
[2026-05-30 09:12:35] Error: <urlopen error [Errno 60] Operation timed out>
[2026-05-30 12:00:01] Error: <urlopen error timed out>
[2026-05-30 14:40:04] Error: <urlopen error timed out>
[2026-05-30 15:46:11] Error: <urlopen error timed out>
[2026-05-30 16:51:07] Error: <urlopen error timed out>
[2026-05-30 17:58:10] Error: <urlopen error timed out>
[2026-05-30 19:03:58] Error: <urlopen error timed out>
[2026-05-30 20:10:57] Error: <urlopen error timed out>
[2026-05-30 21:20:50] Error: <urlopen error timed out>
[2026-05-30 22:27:46] Error: <urlopen error timed out>
[2026-05-30 23:33:24] Error: <urlopen error timed out>
[2026-05-31 00:49:56] Error: <urlopen error timed out>
[2026-05-31 02:00:13] Error: <urlopen error timed out>
[2026-05-31 03:10:02] Error: <urlopen error timed out>
[2026-05-31 04:20:33] Error: <urlopen error timed out>
[2026-05-31 05:34:07] Error: <urlopen error timed out>
[2026-05-31 07:03:00] Error: <urlopen error timed out>
[2026-05-31 10:37:25] Error: <urlopen error timed out>
[2026-05-31 13:40:21] Error: <urlopen error timed out>
[2026-05-31 16:20:21] Error: <urlopen error timed out>
[2026-05-31 19:30:36] Error: <urlopen error timed out>
[2026-05-31 22:33:38] Error: <urlopen error timed out>
[2026-06-01 01:53:39] Error: <urlopen error [Errno 60] Operation timed out>
[2026-06-01 05:09:37] Error: <urlopen error timed out>
[2026-06-01 07:58:06] Error: <urlopen error [Errno 8] nodename nor servname provided, or not known>
[2026-06-01 09:06:08] Error: HTTP Error 500: 
[2026-06-01 09:16:08] Error: HTTP Error 500: 
[2026-06-01 09:26:08] Error: HTTP Error 500: 
[2026-06-01 09:36:09] Error: HTTP Error 500: 
[2026-06-01 09:46:09] Error: HTTP Error 500: 
[2026-06-01 09:56:09] Error: HTTP Error 500: 
[2026-06-01 10:06:09] Error: HTTP Error 500: 
[2026-06-01 10:16:09] Error: HTTP Error 500: 
[2026-06-01 10:26:10] Error: HTTP Error 500: 
[2026-06-01 10:36:10] Error: HTTP Error 500: 
[2026-06-01 10:46:10] Error: HTTP Error 500: 
[2026-06-01 10:56:10] Error: HTTP Error 500: 
[2026-06-01 11:06:11] Error: HTTP Error 500: 
[2026-06-01 11:16:11] Error: HTTP Error 500: 
[2026-06-01 11:26:11] Error: HTTP Error 500: 
[2026-06-01 11:36:11] Error: HTTP Error 500: 
[2026-06-01 11:46:11] Error: HTTP Error 500: 
[2026-06-01 11:56:11] Error: HTTP Error 500: 
[2026-06-01 12:06:12] Error: HTTP Error 500: 
[2026-06-01 12:16:12] Error: HTTP Error 500: 
[2026-06-01 12:26:12] Error: HTTP Error 500: 
[2026-06-01 12:36:12] Error: HTTP Error 500: 
[2026-06-01 12:46:12] Error: HTTP Error 500: 
[2026-06-01 12:56:12] Error: HTTP Error 500: 
[2026-06-01 13:06:12] Error: HTTP Error 500: 
[2026-06-01 13:16:13] Error: HTTP Error 500: 
[2026-06-01 13:26:13] Error: HTTP Error 500: 
[2026-06-01 13:36:13] Error: HTTP Error 500: 
[2026-06-01 13:46:14] Error: HTTP Error 500: 
[2026-06-01 13:56:14] Error: HTTP Error 500: 
[2026-06-01 14:06:14] Error: HTTP Error 500: 
[2026-06-01 14:16:14] Error: HTTP Error 500: 
[2026-06-01 14:26:14] Error: HTTP Error 500: 
[2026-06-01 14:36:15] Error: HTTP Error 500: 
[2026-06-01 14:46:15] Error: HTTP Error 500: 
[2026-06-01 14:56:15] Error: HTTP Error 500: 
[2026-06-01 15:06:16] Error: HTTP Error 500: 
[2026-06-01 15:16:16] Error: HTTP Error 500: 
[2026-06-01 15:26:16] Error: HTTP Error 500: 
[2026-06-01 15:36:16] Error: HTTP Error 500: 
[2026-06-01 15:46:17] Error: HTTP Error 500: 
[2026-06-01 15:56:19] Error: HTTP Error 500: 
[2026-06-01 16:06:19] Error: HTTP Error 500: 
[2026-06-01 16:16:20] Error: HTTP Error 500: 
[2026-06-01 16:26:20] Error: HTTP Error 500: 
[2026-06-01 16:36:20] Error: HTTP Error 500: 
[2026-06-01 16:46:20] Error: HTTP Error 500: 
[2026-06-01 16:56:21] Error: HTTP Error 500: 
[2026-06-01 17:06:21] Error: HTTP Error 500: 
[2026-06-01 17:16:22] Error: HTTP Error 500: 
[2026-06-01 17:26:22] Error: HTTP Error 500: 
[2026-06-01 17:36:22] Error: HTTP Error 500: 
[2026-06-01 17:46:22] Error: HTTP Error 500: 
[2026-06-01 17:56:22] Error: HTTP Error 500: 
[2026-06-01 18:06:23] Error: HTTP Error 500: 
[2026-06-01 18:16:23] Error: HTTP Error 500: 
[2026-06-01 19:57:58] Error: HTTP Error 500: 
[2026-06-01 20:07:58] Error: HTTP Error 500: 
[2026-06-01 20:17:59] Error: HTTP Error 500: 
[2026-06-01 20:27:59] Error: HTTP Error 500: 
[2026-06-01 20:37:59] Error: HTTP Error 500: 
[2026-06-01 20:47:59] Error: HTTP Error 500: 
[2026-06-01 20:58:00] Error: HTTP Error 500: 
[2026-06-01 21:08:01] Error: HTTP Error 500: 
[2026-06-01 21:18:01] Error: HTTP Error 500: 
[2026-06-01 21:28:01] Error: HTTP Error 500: 
[2026-06-01 21:38:02] Error: HTTP Error 500: 
[2026-06-01 21:48:03] Error: HTTP Error 500: 
[2026-06-01 21:58:03] Error: HTTP Error 500: 
[2026-06-01 22:08:03] Error: HTTP Error 500: 
[2026-06-01 22:18:03] Error: HTTP Error 500: 
[2026-06-01 22:28:04] Error: HTTP Error 500: 
[2026-06-01 22:38:04] Error: HTTP Error 500: 
[2026-06-01 22:48:04] Error: HTTP Error 500: 
[2026-06-01 22:58:04] Error: HTTP Error 500: 
[2026-06-01 23:08:05] Error: HTTP Error 500: 
[2026-06-01 23:18:05] Error: HTTP Error 500: 
[2026-06-01 23:28:05] Error: HTTP Error 500: 
[2026-06-01 23:38:05] Error: HTTP Error 500: 
[2026-06-01 23:48:05] Error: HTTP Error 500: 
[2026-06-01 23:58:06] Error: HTTP Error 500: 
[2026-06-02 00:08:06] Error: HTTP Error 500: 
[2026-06-02 00:18:07] Error: HTTP Error 500: 
[2026-06-02 00:28:07] Error: HTTP Error 500: 
[2026-06-02 00:38:07] Error: HTTP Error 500: 
[2026-06-02 00:48:08] Error: HTTP Error 500: 
[2026-06-02 00:58:09] Error: HTTP Error 500: 
[2026-06-02 01:08:09] Error: HTTP Error 500: 
[2026-06-02 01:18:09] Error: HTTP Error 500: 
[2026-06-02 01:28:09] Error: HTTP Error 500: 
[2026-06-02 01:38:10] Error: HTTP Error 500: 
[2026-06-02 01:48:10] Error: HTTP Error 500: 
[2026-06-02 01:58:11] Error: HTTP Error 500: 
[2026-06-02 02:08:12] Error: HTTP Error 500: 
[2026-06-02 02:18:12] Error: HTTP Error 500: 
[2026-06-02 02:28:12] Error: HTTP Error 500: 
[2026-06-02 02:38:12] Error: HTTP Error 500: 
[2026-06-02 02:48:13] Error: HTTP Error 500: 
[2026-06-02 02:58:13] Error: HTTP Error 500: 
[2026-06-02 03:08:14] Error: HTTP Error 500: 
[2026-06-02 03:18:14] Error: HTTP Error 500: 
[2026-06-02 03:28:14] Error: HTTP Error 500: 
[2026-06-02 03:38:14] Error: HTTP Error 500: 
[2026-06-02 03:48:15] Error: HTTP Error 500: 
[2026-06-02 03:58:15] Error: HTTP Error 500: 
[2026-06-02 04:08:15] Error: HTTP Error 500: 
[2026-06-02 04:18:15] Error: HTTP Error 500: 
[2026-06-02 04:28:16] Error: HTTP Error 500: 
[2026-06-02 04:38:16] Error: HTTP Error 500: 
[2026-06-02 04:48:16] Error: HTTP Error 500: 
[2026-06-02 04:58:16] Error: HTTP Error 500: 
[2026-06-02 05:08:17] Error: HTTP Error 500: 
[2026-06-02 05:18:17] Error: HTTP Error 500: 
[2026-06-02 05:28:17] Error: HTTP Error 500: 
[2026-06-02 05:38:18] Error: HTTP Error 500: 
[2026-06-02 05:48:18] Error: HTTP Error 500: 
[2026-06-02 05:58:18] Error: HTTP Error 500: 
[2026-06-02 06:08:18] Error: HTTP Error 500: 
[2026-06-02 06:18:18] Error: HTTP Error 500: 
[2026-06-02 06:28:19] Error: HTTP Error 500: 
[2026-06-02 06:38:19] Error: HTTP Error 500: 
[2026-06-02 06:48:19] Error: HTTP Error 500: 
[2026-06-02 06:58:19] Error: HTTP Error 500: 
[2026-06-02 07:08:20] Error: HTTP Error 500: 
[2026-06-02 07:18:20] Error: HTTP Error 500: 
[2026-06-02 07:28:20] Error: HTTP Error 500: 
[2026-06-02 07:38:20] Error: HTTP Error 500: 
[2026-06-02 07:48:20] Error: HTTP Error 500: 
[2026-06-02 07:58:21] Error: HTTP Error 500: 
[2026-06-02 08:08:21] Error: HTTP Error 500: 
[2026-06-02 08:18:21] Error: HTTP Error 500: 
[2026-06-02 08:28:21] Error: HTTP Error 500: 
[2026-06-02 08:38:21] Error: HTTP Error 500: 
[2026-06-02 08:48:22] Error: HTTP Error 500: 
[2026-06-02 08:58:22] Error: HTTP Error 500: 
[2026-06-02 09:08:22] Error: HTTP Error 500: 
[2026-06-02 09:18:22] Error: HTTP Error 500: 
[2026-06-02 09:28:22] Error: HTTP Error 500: 
[2026-06-02 09:38:23] Error: HTTP Error 500: 
[2026-06-02 09:48:23] Error: HTTP Error 500: 
[2026-06-02 09:58:23] Error: HTTP Error 500: 
[2026-06-02 10:08:23] Error: HTTP Error 500: 
[2026-06-02 10:18:25] Error: HTTP Error 500: 
[2026-06-02 10:28:25] Error: HTTP Error 500: 
[2026-06-02 10:38:25] Error: HTTP Error 500: 
[2026-06-02 10:48:26] Error: HTTP Error 500: 
[2026-06-02 10:58:26] Error: HTTP Error 500: 
[2026-06-02 11:08:26] Error: HTTP Error 500: 
[2026-06-02 11:18:26] Error: HTTP Error 500: 
[2026-06-02 11:28:26] Error: HTTP Error 500: 
[2026-06-02 11:38:27] Error: HTTP Error 500: 
[2026-06-02 11:48:27] Error: HTTP Error 500: 
[2026-06-02 11:58:27] Error: HTTP Error 500: 
[2026-06-02 12:08:27] Error: HTTP Error 500: 
[2026-06-02 12:18:28] Error: HTTP Error 500: 
[2026-06-02 12:28:28] Error: HTTP Error 500: 
[2026-06-02 12:38:28] Error: HTTP Error 500: 
[2026-06-02 12:48:29] Error: HTTP Error 500: 
[2026-06-02 12:58:29] Error: HTTP Error 500: 
[2026-06-02 13:08:29] Error: HTTP Error 500: 
[2026-06-02 13:18:29] Error: HTTP Error 500: 
[2026-06-02 13:28:30] Error: HTTP Error 500: 
[2026-06-02 13:38:30] Error: HTTP Error 500: 
[2026-06-02 13:48:30] Error: HTTP Error 500: 
[2026-06-02 13:58:31] Error: HTTP Error 500: 
[2026-06-02 14:08:31] Error: HTTP Error 500: 
[2026-06-02 14:18:31] Error: HTTP Error 500: 
[2026-06-02 14:28:31] Error: HTTP Error 500: 
[2026-06-02 14:38:32] Error: HTTP Error 500: 
[2026-06-02 14:48:32] Error: HTTP Error 500: 
[2026-06-02 14:58:32] Error: HTTP Error 500: 
[2026-06-02 15:08:32] Error: HTTP Error 500: 
[2026-06-02 15:18:33] Error: HTTP Error 500: 
[2026-06-02 15:28:33] Error: HTTP Error 500: 
[2026-06-02 15:38:33] Error: HTTP Error 500: 
[2026-06-02 15:48:34] Error: HTTP Error 500: 
[2026-06-02 15:58:34] Error: HTTP Error 500: 
[2026-06-02 16:08:34] Error: HTTP Error 500: 
[2026-06-02 16:18:34] Error: HTTP Error 500: 
[2026-06-02 16:28:35] Error: HTTP Error 500: 
[2026-06-02 16:38:35] Error: HTTP Error 500: 
[2026-06-02 16:48:35] Error: HTTP Error 500: 
[2026-06-02 16:58:35] Error: HTTP Error 500: 
[2026-06-02 18:30:42] Error: <urlopen error [Errno 60] Operation timed out>
[2026-06-02 19:07:12] Error: <urlopen error timed out>
[2026-06-02 21:17:11] Error: <urlopen error [Errno 60] Operation timed out>
[2026-06-02 23:55:33] Error: <urlopen error [Errno 60] Operation timed out>
[2026-06-03 03:14:51] Error: <urlopen error timed out>
[2026-06-03 06:48:24] Error: <urlopen error [Errno 60] Operation timed out>
[2026-06-03 09:14:07] Error: <urlopen error [Errno 60] Operation timed out>
[2026-06-03 09:31:13] Error: HTTP Error 500: 
[2026-06-03 09:41:13] Error: HTTP Error 500: 
[2026-06-03 09:51:13] Error: HTTP Error 500: 
[2026-06-03 10:01:14] Error: HTTP Error 500: 
[2026-06-03 10:11:14] Error: HTTP Error 500: 
[2026-06-03 10:21:14] Error: HTTP Error 500: 
[2026-06-03 10:31:14] Error: HTTP Error 500: 
[2026-06-03 10:41:14] Error: HTTP Error 500: 
[2026-06-03 10:51:14] Error: HTTP Error 500: 
[2026-06-03 11:01:14] Error: HTTP Error 500: 
[2026-06-03 11:11:15] Error: HTTP Error 500: 
[2026-06-03 11:21:15] Error: HTTP Error 500: 
[2026-06-03 11:31:15] Error: HTTP Error 500: 
[2026-06-03 11:41:15] Error: HTTP Error 500: 
[2026-06-03 12:07:12] Error: <urlopen error timed out>
[2026-06-03 12:17:42] Error: <urlopen error timed out>
[2026-06-03 12:28:12] Error: <urlopen error timed out>
[2026-06-03 12:38:42] Error: <urlopen error timed out>
[2026-06-03 12:49:12] Error: <urlopen error timed out>
[2026-06-03 12:59:42] Error: <urlopen error timed out>
[2026-06-03 13:10:13] Error: <urlopen error timed out>
[2026-06-03 13:20:43] Error: <urlopen error timed out>
[2026-06-03 14:06:02] Error: HTTP Error 500: 
[2026-06-03 14:16:02] Error: HTTP Error 500: 
[2026-06-03 14:26:02] Error: HTTP Error 500: 
[2026-06-03 14:36:02] Error: HTTP Error 500: 
[2026-06-03 14:46:02] Error: HTTP Error 500: 
[2026-06-03 14:56:02] Error: HTTP Error 500: 
[2026-06-03 15:06:02] Error: HTTP Error 500: 
[2026-06-03 15:16:03] Error: HTTP Error 500: 
[2026-06-03 15:26:05] Error: HTTP Error 500: 
[2026-06-03 15:36:05] Error: HTTP Error 500: 
[2026-06-03 15:46:05] Error: HTTP Error 500: 
[2026-06-03 15:56:05] Error: HTTP Error 500: 
[2026-06-03 16:06:05] Error: HTTP Error 500: 
[2026-06-03 16:16:05] Error: HTTP Error 500: 
[2026-06-03 16:26:05] Error: HTTP Error 500: 
[2026-06-03 16:36:06] Error: HTTP Error 500: 
[2026-06-03 16:46:06] Error: HTTP Error 500: 
[2026-06-03 16:56:06] Error: HTTP Error 500: 
[2026-06-03 17:06:06] Error: HTTP Error 500: 
[2026-06-03 17:16:06] Error: HTTP Error 500: 
[2026-06-03 18:28:03] Error: <urlopen error [Errno 60] Operation timed out>
[2026-06-03 21:43:31] Error: <urlopen error [Errno 60] Operation timed out>
[2026-06-04 00:50:32] Error: <urlopen error timed out>
[2026-06-04 04:10:45] Error: <urlopen error timed out>
[2026-06-04 07:39:36] Error: <urlopen error timed out>
[2026-06-04 09:03:06] Error: HTTP Error 500: 
[2026-06-04 09:13:06] Error: HTTP Error 500: 
[2026-06-04 09:23:06] Error: HTTP Error 500: 
[2026-06-04 09:33:06] Error: HTTP Error 500: 
[2026-06-04 09:43:07] Error: HTTP Error 500: 
[2026-06-04 09:53:07] Error: HTTP Error 500: 
[2026-06-04 10:03:08] Error: HTTP Error 500: 
[2026-06-04 10:13:08] Error: HTTP Error 500: 
[2026-06-04 10:23:08] Error: HTTP Error 500: 
[2026-06-04 10:33:08] Error: HTTP Error 500: 
[2026-06-04 10:43:08] Error: HTTP Error 500: 
[2026-06-04 10:53:08] Error: HTTP Error 500: 
[2026-06-04 11:03:08] Error: HTTP Error 500: 
[2026-06-04 11:13:08] Error: HTTP Error 500: 
[2026-06-04 11:23:08] Error: HTTP Error 500: 
[2026-06-04 11:33:08] Error: HTTP Error 500: 
[2026-06-04 11:43:09] Error: HTTP Error 500: 
[2026-06-04 11:53:09] Error: HTTP Error 500: 
[2026-06-04 12:03:09] Error: HTTP Error 500: 
[2026-06-04 12:13:09] Error: HTTP Error 500: 
[2026-06-04 12:23:09] Error: HTTP Error 500: 
[2026-06-04 12:33:09] Error: HTTP Error 500: 
[2026-06-04 12:43:09] Error: HTTP Error 500: 
[2026-06-04 12:53:09] Error: HTTP Error 500: 
[2026-06-04 13:03:09] Error: HTTP Error 500: 
[2026-06-04 13:13:09] Error: HTTP Error 500: 
[2026-06-04 13:23:10] Error: HTTP Error 500: 
[2026-06-04 13:33:10] Error: HTTP Error 500: 
[2026-06-04 13:43:10] Error: HTTP Error 500: 
[2026-06-04 13:53:10] Error: HTTP Error 500: 
[2026-06-04 14:03:10] Error: HTTP Error 500: 
[2026-06-04 14:13:10] Error: HTTP Error 500: 
[2026-06-04 14:29:57] Error: HTTP Error 500: 
[2026-06-04 14:39:57] Error: HTTP Error 500: 
[2026-06-04 14:49:57] Error: HTTP Error 500: 
[2026-06-04 14:59:57] Error: HTTP Error 500: 
[2026-06-04 15:09:57] Error: HTTP Error 500: 
[2026-06-04 15:19:58] Error: HTTP Error 500: 
[2026-06-04 15:29:58] Error: HTTP Error 500: 
[2026-06-04 15:39:58] Error: HTTP Error 500: 
[2026-06-04 15:49:58] Error: HTTP Error 500: 
[2026-06-04 15:59:59] Error: HTTP Error 500: 
[2026-06-04 16:09:59] Error: HTTP Error 500: 
[2026-06-04 16:19:59] Error: HTTP Error 500: 
[2026-06-04 16:29:59] Error: HTTP Error 500: 
[2026-06-04 16:40:00] Error: HTTP Error 500: 
[2026-06-04 16:50:00] Error: HTTP Error 500: 
[2026-06-04 17:00:00] Error: HTTP Error 500: 
[2026-06-04 17:10:00] Error: HTTP Error 500: 
[2026-06-04 17:20:01] Error: HTTP Error 500: 
[2026-06-04 17:30:01] Error: HTTP Error 500: 
[2026-06-04 17:40:01] Error: HTTP Error 500: 
[2026-06-04 17:50:01] Error: HTTP Error 500: 
[2026-06-04 18:00:03] Error: HTTP Error 500: 
[2026-06-04 18:10:03] Error: HTTP Error 500: 
[2026-06-04 18:20:04] Error: HTTP Error 500: 
[2026-06-04 20:09:28] Error: <urlopen error timed out>
[2026-06-04 21:29:55] Error: <urlopen error timed out>
[2026-06-04 22:59:59] Error: <urlopen error timed out>
[2026-06-05 01:28:27] Error: <urlopen error timed out>
[2026-06-05 02:45:42] Error: <urlopen error timed out>
[2026-06-05 04:02:14] Error: <urlopen error timed out>
[2026-06-05 05:21:06] Error: <urlopen error timed out>
[2026-06-05 06:32:47] Error: <urlopen error timed out>
[2026-06-05 07:41:00] Error: <urlopen error timed out>
[2026-06-05 08:52:57] Error: HTTP Error 500: 
[2026-06-05 09:02:57] Error: HTTP Error 500: 
[2026-06-05 09:12:57] Error: HTTP Error 500: 
[2026-06-05 09:22:57] Error: HTTP Error 500: 
[2026-06-05 09:32:58] Error: HTTP Error 500: 
[2026-06-05 09:42:58] Error: HTTP Error 500: 
[2026-06-05 09:52:58] Error: HTTP Error 500: 
[2026-06-05 10:02:58] Error: HTTP Error 500: 
[2026-06-05 10:12:59] Error: HTTP Error 500: 
[2026-06-05 10:22:59] Error: HTTP Error 500: 
[2026-06-05 10:32:59] Error: HTTP Error 500: 
[2026-06-05 10:42:59] Error: HTTP Error 500: 
[2026-06-05 10:53:00] Error: HTTP Error 500: 
[2026-06-05 11:03:00] Error: HTTP Error 500: 
[2026-06-05 11:13:00] Error: HTTP Error 500: 
[2026-06-05 11:23:00] Error: HTTP Error 500: 
[2026-06-05 11:33:01] Error: HTTP Error 500: 
[2026-06-05 11:43:01] Error: HTTP Error 500: 
[2026-06-05 11:53:02] Error: HTTP Error 500: 
[2026-06-05 12:03:02] Error: HTTP Error 500: 
[2026-06-05 12:13:02] Error: HTTP Error 500: 
[2026-06-05 12:23:02] Error: HTTP Error 500: 
[2026-06-05 12:33:03] Error: HTTP Error 500: 
[2026-06-05 12:43:03] Error: HTTP Error 500: 
[2026-06-05 12:53:03] Error: HTTP Error 500: 
[2026-06-05 13:03:03] Error: HTTP Error 500: 
[2026-06-05 13:13:03] Error: HTTP Error 500: 
[2026-06-05 13:23:04] Error: HTTP Error 500: 
[2026-06-05 13:33:04] Error: HTTP Error 500: 
[2026-06-05 13:43:04] Error: HTTP Error 500: 
[2026-06-05 13:53:05] Error: HTTP Error 500: 
[2026-06-05 14:03:05] Error: HTTP Error 500: 
[2026-06-05 14:13:05] Error: HTTP Error 500: 
[2026-06-05 14:23:05] Error: HTTP Error 500: 
[2026-06-05 14:33:06] Error: HTTP Error 500: 
[2026-06-05 14:43:06] Error: HTTP Error 500: 
[2026-06-05 14:53:09] Error: HTTP Error 500: 
[2026-06-05 15:03:09] Error: HTTP Error 500: 
[2026-06-05 15:13:09] Error: HTTP Error 500: 
[2026-06-05 15:23:10] Error: HTTP Error 500: 
[2026-06-05 15:33:10] Error: HTTP Error 500: 
[2026-06-05 15:43:10] Error: HTTP Error 500: 
[2026-06-05 15:53:10] Error: HTTP Error 500: 
[2026-06-05 16:03:11] Error: HTTP Error 500: 
[2026-06-05 16:13:11] Error: HTTP Error 500: 
[2026-06-05 16:23:11] Error: HTTP Error 500: 
[2026-06-05 16:33:14] Error: HTTP Error 500: 
[2026-06-05 16:43:14] Error: HTTP Error 500: 
[2026-06-05 16:53:14] Error: HTTP Error 500: 
[2026-06-05 17:03:14] Error: HTTP Error 500: 
[2026-06-05 17:13:15] Error: HTTP Error 500: 
[2026-06-05 17:23:15] Error: HTTP Error 500: 
[2026-06-05 17:33:15] Error: HTTP Error 500: 
[2026-06-05 17:43:15] Error: HTTP Error 500: 
[2026-06-05 17:53:16] Error: HTTP Error 500: 
[2026-06-05 18:03:17] Error: HTTP Error 500: 
[2026-06-05 18:32:09] Error: <urlopen error [Errno 8] nodename nor servname provided, or not known>
[2026-06-05 19:30:33] Error: HTTP Error 500: 
[2026-06-05 19:40:34] Error: HTTP Error 500: 
[2026-06-05 19:50:34] Error: HTTP Error 500: 
[2026-06-05 20:00:35] Error: HTTP Error 500: 
[2026-06-05 20:10:36] Error: HTTP Error 500: 
[2026-06-05 20:20:36] Error: HTTP Error 500: 
[2026-06-05 20:30:36] Error: HTTP Error 500: 
[2026-06-05 20:40:36] Error: HTTP Error 500: 
[2026-06-05 20:50:36] Error: HTTP Error 500: 
[2026-06-05 21:00:36] Error: HTTP Error 500: 
[2026-06-05 21:10:36] Error: HTTP Error 500: 
[2026-06-05 21:20:36] Error: HTTP Error 500: 
[2026-06-05 21:30:36] Error: HTTP Error 500: 
[2026-06-05 21:40:37] Error: HTTP Error 500: 
[2026-06-05 21:50:37] Error: HTTP Error 500: 
[2026-06-05 22:00:37] Error: HTTP Error 500: 
[2026-06-05 22:10:37] Error: HTTP Error 500: 
[2026-06-05 22:20:37] Error: HTTP Error 500: 
[2026-06-05 22:30:37] Error: HTTP Error 500: 
[2026-06-05 22:40:37] Error: HTTP Error 500: 
[2026-06-05 22:50:37] Error: HTTP Error 500: 
[2026-06-05 23:00:38] Error: HTTP Error 500: 
[2026-06-05 23:10:38] Error: HTTP Error 500: 
[2026-06-05 23:20:38] Error: HTTP Error 500: 
[2026-06-05 23:30:38] Error: HTTP Error 500: 
[2026-06-05 23:40:38] Error: HTTP Error 500: 
[2026-06-05 23:50:38] Error: HTTP Error 500: 
[2026-06-06 00:00:38] Error: HTTP Error 500: 
[2026-06-06 00:10:38] Error: HTTP Error 500: 
[2026-06-06 00:20:38] Error: HTTP Error 500: 
[2026-06-06 00:30:39] Error: HTTP Error 500: 
[2026-06-06 00:40:39] Error: HTTP Error 500: 
[2026-06-06 00:50:39] Error: HTTP Error 500: 
[2026-06-06 01:00:39] Error: HTTP Error 500: 
[2026-06-06 01:10:39] Error: HTTP Error 500: 
[2026-06-06 01:20:39] Error: HTTP Error 500: 
[2026-06-06 01:30:39] Error: HTTP Error 500: 
[2026-06-06 01:40:40] Error: HTTP Error 500: 
[2026-06-06 01:50:40] Error: HTTP Error 500: 
[2026-06-06 02:00:40] Error: HTTP Error 500: 
[2026-06-06 02:10:40] Error: HTTP Error 500: 
[2026-06-06 02:20:40] Error: HTTP Error 500: 
[2026-06-06 02:30:40] Error: HTTP Error 500: 
[2026-06-06 02:40:40] Error: HTTP Error 500: 
[2026-06-06 02:50:40] Error: HTTP Error 500: 
[2026-06-06 03:00:41] Error: HTTP Error 500: 
[2026-06-06 03:10:41] Error: HTTP Error 500: 
[2026-06-06 03:20:41] Error: HTTP Error 500: 
[2026-06-06 03:30:41] Error: HTTP Error 500: 
[2026-06-06 03:40:41] Error: HTTP Error 500: 
[2026-06-06 03:50:41] Error: HTTP Error 500: 
[2026-06-06 04:00:41] Error: HTTP Error 500: 
[2026-06-06 04:10:42] Error: HTTP Error 500: 
[2026-06-06 04:20:42] Error: HTTP Error 500: 
[2026-06-06 04:30:42] Error: HTTP Error 500: 
[2026-06-06 04:40:42] Error: HTTP Error 500: 
[2026-06-06 04:50:42] Error: HTTP Error 500: 
[2026-06-06 05:00:42] Error: HTTP Error 500: 
[2026-06-06 05:10:42] Error: HTTP Error 500: 
[2026-06-06 05:20:42] Error: HTTP Error 500: 
[2026-06-06 05:30:43] Error: HTTP Error 500: 
[2026-06-06 05:40:43] Error: HTTP Error 500: 
[2026-06-06 05:50:43] Error: HTTP Error 500: 
[2026-06-06 06:00:43] Error: HTTP Error 500: 
[2026-06-06 06:10:43] Error: HTTP Error 500: 
[2026-06-06 06:20:44] Error: HTTP Error 500: 
[2026-06-06 06:30:44] Error: HTTP Error 500: 
[2026-06-06 06:40:44] Error: HTTP Error 500: 
[2026-06-06 06:50:44] Error: HTTP Error 500: 
[2026-06-06 07:00:44] Error: HTTP Error 500: 
[2026-06-06 07:10:44] Error: HTTP Error 500: 
[2026-06-06 07:20:45] Error: HTTP Error 500: 
[2026-06-06 07:30:45] Error: HTTP Error 500: 
[2026-06-06 07:40:46] Error: HTTP Error 500: 
[2026-06-06 07:50:46] Error: HTTP Error 500: 
[2026-06-06 08:00:46] Error: HTTP Error 500: 
[2026-06-06 08:10:46] Error: HTTP Error 500: 
[2026-06-06 08:20:46] Error: HTTP Error 500: 
[2026-06-06 08:30:46] Error: HTTP Error 500: 
[2026-06-06 08:40:46] Error: HTTP Error 500: 
[2026-06-06 08:50:46] Error: HTTP Error 500: 
[2026-06-06 09:00:47] Error: HTTP Error 500: 
[2026-06-06 09:10:47] Error: HTTP Error 500: 
[2026-06-06 09:20:47] Error: HTTP Error 500: 
[2026-06-06 09:30:47] Error: HTTP Error 500: 
[2026-06-06 09:40:47] Error: HTTP Error 500: 
[2026-06-06 09:50:47] Error: HTTP Error 500: 
[2026-06-06 13:57:10] Error: <urlopen error timed out>
[2026-06-06 17:19:07] Error: <urlopen error timed out>
[2026-06-06 23:05:23] Error: <urlopen error timed out>
[2026-06-07 04:53:44] Error: <urlopen error timed out>
[2026-06-07 09:18:34] Error: <urlopen error timed out>
[2026-06-07 12:45:09] Error: <urlopen error timed out>
[2026-06-07 17:43:04] Error: <urlopen error timed out>
[2026-06-07 22:45:49] Error: <urlopen error timed out>
[2026-06-08 03:15:44] Error: <urlopen error [Errno 60] Operation timed out>
[2026-06-08 09:03:03] Error: HTTP Error 500: 
[2026-06-08 09:13:03] Error: HTTP Error 500: 
[2026-06-08 09:23:03] Error: HTTP Error 500: 
[2026-06-08 09:33:03] Error: HTTP Error 500: 
[2026-06-08 09:43:03] Error: HTTP Error 500: 
[2026-06-08 09:53:03] Error: HTTP Error 500: 
[2026-06-08 10:03:03] Error: HTTP Error 500: 
[2026-06-08 10:13:03] Error: HTTP Error 500: 
[2026-06-08 10:23:03] Error: HTTP Error 500: 
[2026-06-08 10:33:04] Error: HTTP Error 500: 
[2026-06-08 10:43:04] Error: HTTP Error 500: 
[2026-06-08 10:53:04] Error: HTTP Error 500: 
[2026-06-08 11:03:04] Error: HTTP Error 500: 
[2026-06-08 11:13:04] Error: HTTP Error 500: 
[2026-06-08 11:23:04] Error: HTTP Error 500: 
[2026-06-08 11:33:04] Error: HTTP Error 500: 
[2026-06-08 11:43:04] Error: HTTP Error 500: 
[2026-06-08 11:53:04] Error: HTTP Error 500: 
[2026-06-08 12:03:05] Error: HTTP Error 500: 
[2026-06-08 12:13:05] Error: HTTP Error 500: 
[2026-06-08 12:23:05] Error: HTTP Error 500: 
[2026-06-08 12:33:05] Error: HTTP Error 500: 
[2026-06-08 12:43:05] Error: HTTP Error 500: 
[2026-06-08 12:53:05] Error: HTTP Error 500: 
[2026-06-08 13:03:05] Error: HTTP Error 500: 
[2026-06-08 13:13:05] Error: HTTP Error 500: 
[2026-06-08 13:23:05] Error: HTTP Error 500: 
[2026-06-08 13:33:05] Error: HTTP Error 500: 
[2026-06-08 13:43:05] Error: HTTP Error 500: 
[2026-06-08 13:53:06] Error: HTTP Error 500: 
[2026-06-08 14:03:06] Error: HTTP Error 500: 
[2026-06-08 14:13:06] Error: HTTP Error 500: 
[2026-06-08 14:23:06] Error: HTTP Error 500: 
[2026-06-08 14:33:06] Error: HTTP Error 500: 
[2026-06-08 14:43:06] Error: HTTP Error 500: 
[2026-06-08 14:53:06] Error: HTTP Error 500: 
[2026-06-08 15:03:06] Error: HTTP Error 500: 
[2026-06-08 15:13:06] Error: HTTP Error 500: 
[2026-06-08 15:23:06] Error: HTTP Error 500: 
[2026-06-08 15:33:07] Error: HTTP Error 500: 
[2026-06-08 15:43:07] Error: HTTP Error 500: 
[2026-06-08 15:53:07] Error: HTTP Error 500: 
[2026-06-08 16:03:07] Error: HTTP Error 500: 
[2026-06-08 16:13:07] Error: HTTP Error 500: 
[2026-06-08 16:23:07] Error: HTTP Error 500: 
[2026-06-08 16:33:07] Error: HTTP Error 500: 
[2026-06-08 16:43:07] Error: HTTP Error 500: 
[2026-06-08 16:53:09] Error: HTTP Error 500: 
[2026-06-08 17:03:09] Error: HTTP Error 500: 
[2026-06-08 17:13:09] Error: HTTP Error 500: 
[2026-06-08 17:23:09] Error: HTTP Error 500: 
[2026-06-08 17:33:10] Error: HTTP Error 500: 
[2026-06-08 17:43:10] Error: HTTP Error 500: 
[2026-06-08 17:53:10] Error: HTTP Error 500: 
[2026-06-08 18:03:10] Error: HTTP Error 500: 
[2026-06-08 18:13:11] Error: HTTP Error 500: 
[2026-06-08 19:35:46] Error: <urlopen error timed out>
[2026-06-08 20:37:33] Error: HTTP Error 500: 
[2026-06-08 20:47:35] Error: HTTP Error 500: 
[2026-06-08 20:57:35] Error: HTTP Error 500: 
[2026-06-08 21:07:35] Error: HTTP Error 500: 
[2026-06-08 21:17:35] Error: HTTP Error 500: 
[2026-06-08 21:27:35] Error: HTTP Error 500: 
[2026-06-08 21:37:35] Error: HTTP Error 500: 
[2026-06-08 21:47:36] Error: HTTP Error 500: 
[2026-06-08 21:57:36] Error: HTTP Error 500: 
[2026-06-08 22:07:36] Error: HTTP Error 500: 
[2026-06-08 22:17:36] Error: HTTP Error 500: 
[2026-06-08 22:27:36] Error: HTTP Error 500: 
[2026-06-08 22:37:36] Error: HTTP Error 500: 
[2026-06-08 22:47:36] Error: HTTP Error 500: 
[2026-06-08 22:57:36] Error: HTTP Error 500: 
[2026-06-08 23:07:37] Error: HTTP Error 500: 
[2026-06-08 23:17:37] Error: HTTP Error 500: 
[2026-06-08 23:27:37] Error: HTTP Error 500: 
[2026-06-08 23:37:37] Error: HTTP Error 500: 
[2026-06-08 23:47:37] Error: HTTP Error 500: 
[2026-06-08 23:57:37] Error: HTTP Error 500: 
[2026-06-09 00:07:37] Error: HTTP Error 500: 
[2026-06-09 00:17:38] Error: HTTP Error 500: 
[2026-06-09 00:27:38] Error: HTTP Error 500: 
[2026-06-09 00:37:38] Error: HTTP Error 500: 
[2026-06-09 00:47:38] Error: HTTP Error 500: 
[2026-06-09 00:57:38] Error: HTTP Error 500: 
[2026-06-09 01:07:38] Error: HTTP Error 500: 
[2026-06-09 01:17:38] Error: HTTP Error 500: 
[2026-06-09 01:27:38] Error: HTTP Error 500: 
[2026-06-09 01:37:39] Error: HTTP Error 500: 
[2026-06-09 01:47:40] Error: HTTP Error 500: 
[2026-06-09 01:57:40] Error: HTTP Error 500: 
[2026-06-09 02:07:40] Error: HTTP Error 500: 
[2026-06-09 02:17:40] Error: HTTP Error 500: 
[2026-06-09 02:27:40] Error: HTTP Error 500: 
[2026-06-09 02:37:40] Error: HTTP Error 500: 
[2026-06-09 02:47:41] Error: HTTP Error 500: 
[2026-06-09 02:57:41] Error: HTTP Error 500: 
[2026-06-09 03:07:41] Error: HTTP Error 500: 
[2026-06-09 03:17:41] Error: HTTP Error 500: 
[2026-06-09 03:27:41] Error: HTTP Error 500: 
[2026-06-09 03:37:41] Error: HTTP Error 500: 
[2026-06-09 03:47:41] Error: HTTP Error 500: 
[2026-06-09 03:57:41] Error: HTTP Error 500: 
[2026-06-09 04:07:42] Error: HTTP Error 500: 
[2026-06-09 04:17:42] Error: HTTP Error 500: 
[2026-06-09 04:27:42] Error: HTTP Error 500: 
[2026-06-09 04:37:42] Error: HTTP Error 500: 
[2026-06-09 04:47:45] Error: HTTP Error 500: 
[2026-06-09 04:57:45] Error: HTTP Error 500: 
[2026-06-09 05:07:45] Error: HTTP Error 500: 
[2026-06-09 05:17:45] Error: HTTP Error 500: 
[2026-06-09 05:27:45] Error: HTTP Error 500: 
[2026-06-09 05:37:45] Error: HTTP Error 500: 
[2026-06-09 05:47:45] Error: HTTP Error 500: 
[2026-06-09 05:57:46] Error: HTTP Error 500: 
[2026-06-09 06:07:46] Error: HTTP Error 500: 
[2026-06-09 06:17:47] Error: HTTP Error 500: 
[2026-06-09 06:27:47] Error: HTTP Error 500: 
[2026-06-09 06:37:47] Error: HTTP Error 500: 
[2026-06-09 06:47:47] Error: HTTP Error 500: 
[2026-06-09 06:57:47] Error: HTTP Error 500: 
[2026-06-09 07:07:47] Error: HTTP Error 500: 
[2026-06-09 07:17:48] Error: HTTP Error 500: 
[2026-06-09 07:27:48] Error: HTTP Error 500: 
[2026-06-09 07:37:48] Error: HTTP Error 500: 
[2026-06-09 07:47:48] Error: HTTP Error 500: 
[2026-06-09 07:57:49] Error: HTTP Error 500: 
[2026-06-09 08:07:49] Error: HTTP Error 500: 
[2026-06-09 08:17:49] Error: HTTP Error 500: 
[2026-06-09 08:27:49] Error: HTTP Error 500: 
[2026-06-09 08:37:50] Error: HTTP Error 500: 
[2026-06-09 08:47:50] Error: HTTP Error 500: 
[2026-06-09 08:57:50] Error: HTTP Error 500: 
[2026-06-09 09:07:50] Error: HTTP Error 500: 
[2026-06-09 09:17:50] Error: HTTP Error 500: 
[2026-06-09 09:27:50] Error: HTTP Error 500: 
[2026-06-09 09:37:50] Error: HTTP Error 500: 
[2026-06-09 09:47:50] Error: HTTP Error 500: 
[2026-06-09 09:57:51] Error: HTTP Error 500: 
[2026-06-09 10:07:51] Error: HTTP Error 500: 
[2026-06-09 10:17:51] Error: HTTP Error 500: 
[2026-06-09 10:27:51] Error: HTTP Error 500: 
[2026-06-09 10:37:51] Error: HTTP Error 500: 
[2026-06-09 10:47:51] Error: HTTP Error 500: 
[2026-06-09 10:57:51] Error: HTTP Error 500: 
[2026-06-09 11:07:51] Error: HTTP Error 500: 
[2026-06-09 11:17:52] Error: HTTP Error 500: 
[2026-06-09 11:27:52] Error: HTTP Error 500: 
[2026-06-09 11:37:52] Error: HTTP Error 500: 
[2026-06-09 11:47:52] Error: HTTP Error 500: 
[2026-06-09 11:57:52] Error: HTTP Error 500: 
[2026-06-09 12:07:52] Error: HTTP Error 500: 
[2026-06-09 12:17:52] Error: HTTP Error 500: 
[2026-06-09 12:27:52] Error: HTTP Error 500: 
[2026-06-09 12:37:52] Error: HTTP Error 500: 
[2026-06-09 12:47:53] Error: HTTP Error 500: 
[2026-06-09 12:57:53] Error: HTTP Error 500: 
[2026-06-09 13:07:53] Error: HTTP Error 500: 
[2026-06-09 13:17:53] Error: HTTP Error 500: 
[2026-06-09 13:27:53] Error: HTTP Error 500: 
[2026-06-09 13:37:53] Error: HTTP Error 500: 
[2026-06-09 13:47:53] Error: HTTP Error 500: 
[2026-06-09 13:57:54] Error: HTTP Error 500: 
[2026-06-09 14:07:54] Error: HTTP Error 500: 
[2026-06-09 14:17:54] Error: HTTP Error 500: 
[2026-06-09 14:27:54] Error: HTTP Error 500: 
[2026-06-09 14:37:54] Error: HTTP Error 500: 
[2026-06-09 14:47:54] Error: HTTP Error 500: 
[2026-06-09 14:57:54] Error: HTTP Error 500: 
[2026-06-09 15:07:54] Error: HTTP Error 500: 
[2026-06-09 15:17:55] Error: HTTP Error 500: 
[2026-06-09 15:27:55] Error: HTTP Error 500: 
[2026-06-09 15:37:55] Error: HTTP Error 500: 
[2026-06-09 15:47:55] Error: HTTP Error 500: 
[2026-06-09 15:57:55] Error: HTTP Error 500: 
[2026-06-09 16:07:55] Error: HTTP Error 500: 
[2026-06-09 16:17:55] Error: HTTP Error 500: 
[2026-06-09 16:27:56] Error: HTTP Error 500: 
[2026-06-09 16:37:56] Error: HTTP Error 500: 
[2026-06-09 16:47:56] Error: HTTP Error 500: 
[2026-06-09 16:57:56] Error: HTTP Error 500: 
[2026-06-09 17:07:56] Error: HTTP Error 500: 
[2026-06-09 17:17:57] Error: HTTP Error 500: 
[2026-06-09 17:27:57] Error: HTTP Error 500: 
[2026-06-09 17:37:57] Error: HTTP Error 500: 
[2026-06-09 17:47:57] Error: HTTP Error 500: 
[2026-06-09 17:57:57] Error: HTTP Error 500: 
[2026-06-09 18:07:57] Error: HTTP Error 500: 
[2026-06-09 18:17:58] Error: HTTP Error 500: 
[2026-06-09 18:27:58] Error: HTTP Error 500: 
[2026-06-09 18:37:58] Error: HTTP Error 500: 
[2026-06-09 18:47:58] Error: HTTP Error 500: 
[2026-06-09 18:57:59] Error: HTTP Error 500: 
[2026-06-09 19:07:59] Error: HTTP Error 500: 
[2026-06-09 19:17:59] Error: HTTP Error 500: 
[2026-06-09 19:27:59] Error: HTTP Error 500: 
[2026-06-09 19:37:59] Error: HTTP Error 500: 
[2026-06-09 19:48:00] Error: HTTP Error 500: 
[2026-06-09 19:58:00] Error: HTTP Error 500: 
[2026-06-09 20:08:00] Error: HTTP Error 500: 
[2026-06-09 20:18:00] Error: HTTP Error 500: 
[2026-06-09 20:28:00] Error: HTTP Error 500: 
[2026-06-09 20:38:01] Error: HTTP Error 500: 
[2026-06-09 20:48:01] Error: HTTP Error 500: 
[2026-06-09 20:58:01] Error: HTTP Error 500: 
[2026-06-09 21:08:01] Error: HTTP Error 500: 
[2026-06-09 21:18:01] Error: HTTP Error 500: 
[2026-06-09 21:28:01] Error: HTTP Error 500: 
[2026-06-09 21:38:01] Error: HTTP Error 500: 
[2026-06-09 21:48:01] Error: HTTP Error 500: 
[2026-06-09 21:58:02] Error: HTTP Error 500: 
[2026-06-09 22:08:02] Error: HTTP Error 500: 
[2026-06-09 22:18:02] Error: HTTP Error 500: 
[2026-06-09 22:28:02] Error: HTTP Error 500: 
[2026-06-09 22:38:02] Error: HTTP Error 500: 
[2026-06-09 22:48:02] Error: HTTP Error 500: 
[2026-06-09 22:58:02] Error: HTTP Error 500: 
[2026-06-09 23:08:03] Error: HTTP Error 500: 
[2026-06-09 23:18:03] Error: HTTP Error 500: 
[2026-06-09 23:28:03] Error: HTTP Error 500: 
[2026-06-09 23:38:03] Error: HTTP Error 500: 
[2026-06-09 23:48:03] Error: HTTP Error 500: 
[2026-06-09 23:58:03] Error: HTTP Error 500: 
[2026-06-10 00:08:03] Error: HTTP Error 500: 
[2026-06-10 00:18:03] Error: HTTP Error 500: 
[2026-06-10 00:28:04] Error: HTTP Error 500: 
[2026-06-10 00:38:04] Error: HTTP Error 500: 
[2026-06-10 00:48:04] Error: HTTP Error 500: 
[2026-06-10 00:58:04] Error: HTTP Error 500: 
[2026-06-10 01:08:05] Error: HTTP Error 500: 
[2026-06-10 01:18:06] Error: HTTP Error 500: 
[2026-06-10 01:28:06] Error: HTTP Error 500: 
[2026-06-10 01:38:06] Error: HTTP Error 500: 
[2026-06-10 01:48:06] Error: HTTP Error 500: 
[2026-06-10 01:58:06] Error: HTTP Error 500: 
[2026-06-10 02:08:06] Error: HTTP Error 500: 
[2026-06-10 02:18:06] Error: HTTP Error 500: 
[2026-06-10 02:28:06] Error: HTTP Error 500: 
[2026-06-10 02:38:07] Error: HTTP Error 500: 
[2026-06-10 02:48:07] Error: HTTP Error 500: 
[2026-06-10 02:58:07] Error: HTTP Error 500: 
[2026-06-10 03:08:07] Error: HTTP Error 500: 
[2026-06-10 03:18:07] Error: HTTP Error 500: 
[2026-06-10 03:28:07] Error: HTTP Error 500: 
[2026-06-10 03:38:07] Error: HTTP Error 500: 
[2026-06-10 03:48:07] Error: HTTP Error 500: 
[2026-06-10 03:58:07] Error: HTTP Error 500: 
[2026-06-10 04:08:08] Error: HTTP Error 500: 
[2026-06-10 04:18:08] Error: HTTP Error 500: 
[2026-06-10 04:28:08] Error: HTTP Error 500: 
[2026-06-10 04:38:08] Error: HTTP Error 500: 
[2026-06-10 04:48:08] Error: HTTP Error 500: 
[2026-06-10 04:58:08] Error: HTTP Error 500: 
[2026-06-10 05:08:08] Error: HTTP Error 500: 
[2026-06-10 05:18:08] Error: HTTP Error 500: 
[2026-06-10 05:28:09] Error: HTTP Error 500: 
[2026-06-10 05:38:09] Error: HTTP Error 500: 
[2026-06-10 05:48:09] Error: HTTP Error 500: 
[2026-06-10 05:58:09] Error: HTTP Error 500: 
[2026-06-10 06:08:09] Error: HTTP Error 500: 
[2026-06-10 06:18:09] Error: HTTP Error 500: 
[2026-06-10 06:28:09] Error: HTTP Error 500: 
[2026-06-10 06:38:09] Error: HTTP Error 500: 
[2026-06-10 06:48:11] Error: HTTP Error 500: 
[2026-06-10 06:58:11] Error: HTTP Error 500: 
[2026-06-10 07:08:11] Error: HTTP Error 500: 
[2026-06-10 07:18:11] Error: HTTP Error 500: 
[2026-06-10 07:28:11] Error: HTTP Error 500: 
[2026-06-10 08:58:09] Error: HTTP Error 500: 
[2026-06-10 09:08:09] Error: HTTP Error 500: 
[2026-06-10 09:18:09] Error: HTTP Error 500: 
[2026-06-10 09:28:09] Error: HTTP Error 500: 
[2026-06-10 09:38:09] Error: HTTP Error 500: 
[2026-06-10 09:48:09] Error: HTTP Error 500: 
[2026-06-10 09:58:10] Error: HTTP Error 500: 
[2026-06-10 10:08:10] Error: HTTP Error 500: 
[2026-06-10 10:18:10] Error: HTTP Error 500: 
[2026-06-10 10:28:11] Error: HTTP Error 500: 
[2026-06-10 10:38:11] Error: HTTP Error 500: 
[2026-06-10 10:48:12] Error: HTTP Error 500: 
[2026-06-10 10:58:12] Error: HTTP Error 500: 
[2026-06-10 11:08:12] Error: HTTP Error 500: 
[2026-06-10 11:18:12] Error: HTTP Error 500: 
[2026-06-10 11:28:12] Error: HTTP Error 500: 
[2026-06-10 11:38:12] Error: HTTP Error 500: 
[2026-06-10 11:48:14] Error: HTTP Error 500: 
[2026-06-10 11:58:15] Error: HTTP Error 500: 
[2026-06-10 12:08:15] Error: HTTP Error 500: 
[2026-06-10 12:18:15] Error: HTTP Error 500: 
[2026-06-10 12:28:15] Error: HTTP Error 500: 
[2026-06-10 12:38:15] Error: HTTP Error 500: 
[2026-06-10 12:48:15] Error: HTTP Error 500: 
[2026-06-10 12:58:15] Error: HTTP Error 500: 
[2026-06-10 13:08:15] Error: HTTP Error 500: 
[2026-06-10 13:18:15] Error: HTTP Error 500: 
[2026-06-10 13:28:15] Error: HTTP Error 500: 
[2026-06-10 13:38:15] Error: HTTP Error 500: 
[2026-06-10 13:48:16] Error: HTTP Error 500: 
[2026-06-10 13:58:16] Error: HTTP Error 500: 
[2026-06-10 14:08:16] Error: HTTP Error 500: 
[2026-06-10 14:18:16] Error: HTTP Error 500: 
[2026-06-10 14:28:16] Error: HTTP Error 500: 
[2026-06-10 14:38:16] Error: HTTP Error 500: 
[2026-06-10 14:48:16] Error: HTTP Error 500: 
[2026-06-10 14:58:17] Error: HTTP Error 500: 
[2026-06-10 15:08:17] Error: HTTP Error 500: 
[2026-06-10 15:18:17] Error: HTTP Error 500: 
[2026-06-10 15:28:17] Error: HTTP Error 500: 
[2026-06-10 15:38:17] Error: HTTP Error 500: 
[2026-06-10 15:48:18] Error: HTTP Error 500: 
[2026-06-10 15:58:18] Error: HTTP Error 500: 
[2026-06-10 16:08:18] Error: HTTP Error 500: 
[2026-06-10 16:18:18] Error: HTTP Error 500: 
[2026-06-10 16:28:18] Error: HTTP Error 500: 
[2026-06-10 16:38:18] Error: HTTP Error 500: 
[2026-06-10 16:48:19] Error: HTTP Error 500: 
[2026-06-10 16:58:19] Error: HTTP Error 500: 
[2026-06-10 17:08:19] Error: HTTP Error 500: 
[2026-06-10 17:18:21] Error: HTTP Error 500: 
[2026-06-10 17:28:21] Error: HTTP Error 500: 
[2026-06-10 17:38:21] Error: HTTP Error 500: 
[2026-06-10 17:48:22] Error: HTTP Error 500: 
[2026-06-10 17:58:22] Error: HTTP Error 500: 
[2026-06-10 18:08:22] Error: HTTP Error 500: 
[2026-06-10 19:26:32] Error: HTTP Error 500: 
[2026-06-10 19:36:32] Error: HTTP Error 500: 
[2026-06-10 21:03:32] Error: HTTP Error 500: 
[2026-06-10 21:13:32] Error: HTTP Error 500: 
[2026-06-10 21:23:32] Error: HTTP Error 500: 
[2026-06-10 22:50:29] Error: HTTP Error 500: 
[2026-06-10 23:00:29] Error: HTTP Error 500: 
[2026-06-10 23:10:29] Error: HTTP Error 500: 
[2026-06-10 23:20:29] Error: HTTP Error 500: 
[2026-06-10 23:30:30] Error: HTTP Error 500: 
[2026-06-10 23:40:30] Error: HTTP Error 500: 
[2026-06-10 23:50:30] Error: HTTP Error 500: 
[2026-06-11 00:00:30] Error: HTTP Error 500: 
[2026-06-11 00:10:30] Error: HTTP Error 500: 
[2026-06-11 00:20:30] Error: HTTP Error 500: 
[2026-06-11 00:30:30] Error: HTTP Error 500: 
[2026-06-11 00:40:30] Error: HTTP Error 500: 
[2026-06-11 00:50:31] Error: HTTP Error 500: 
[2026-06-11 01:00:31] Error: HTTP Error 500: 
[2026-06-11 01:10:31] Error: HTTP Error 500: 
[2026-06-11 01:20:31] Error: HTTP Error 500: 
[2026-06-11 01:30:31] Error: HTTP Error 500: 
[2026-06-11 01:40:31] Error: HTTP Error 500: 
[2026-06-11 01:50:31] Error: HTTP Error 500: 
[2026-06-11 02:00:32] Error: HTTP Error 500: 
[2026-06-11 02:10:32] Error: HTTP Error 500: 
[2026-06-11 02:20:32] Error: HTTP Error 500: 
[2026-06-11 02:30:32] Error: HTTP Error 500: 
[2026-06-11 02:40:33] Error: HTTP Error 500: 
[2026-06-11 02:50:33] Error: HTTP Error 500: 
[2026-06-11 03:00:33] Error: HTTP Error 500: 
[2026-06-11 03:10:34] Error: HTTP Error 500: 
[2026-06-11 03:20:34] Error: HTTP Error 500: 
[2026-06-11 03:30:34] Error: HTTP Error 500: 
[2026-06-11 03:40:34] Error: HTTP Error 500: 
[2026-06-11 03:50:34] Error: HTTP Error 500: 
[2026-06-11 04:00:34] Error: HTTP Error 500: 
[2026-06-11 04:10:34] Error: HTTP Error 500: 
[2026-06-11 04:20:34] Error: HTTP Error 500: 
[2026-06-11 04:30:35] Error: HTTP Error 500: 
[2026-06-11 04:40:35] Error: HTTP Error 500: 
[2026-06-11 04:50:35] Error: HTTP Error 500: 
[2026-06-11 05:00:35] Error: HTTP Error 500: 
[2026-06-11 05:10:35] Error: HTTP Error 500: 
[2026-06-11 05:20:35] Error: HTTP Error 500: 
[2026-06-11 05:30:35] Error: HTTP Error 500: 
[2026-06-11 05:40:35] Error: HTTP Error 500: 
[2026-06-11 05:50:35] Error: HTTP Error 500: 
[2026-06-11 06:00:37] Error: HTTP Error 500: 
[2026-06-11 06:10:37] Error: HTTP Error 500: 
[2026-06-11 06:20:37] Error: HTTP Error 500: 
[2026-06-11 06:30:37] Error: HTTP Error 500: 
[2026-06-11 06:40:37] Error: HTTP Error 500: 
[2026-06-11 06:50:37] Error: HTTP Error 500: 
[2026-06-11 07:00:37] Error: HTTP Error 500: 
[2026-06-11 07:10:37] Error: HTTP Error 500: 
[2026-06-11 07:20:38] Error: HTTP Error 500: 
[2026-06-11 07:30:38] Error: HTTP Error 500: 
[2026-06-11 08:58:57] Error: HTTP Error 500: 
[2026-06-11 09:08:57] Error: HTTP Error 500: 
[2026-06-11 09:18:57] Error: HTTP Error 500: 
[2026-06-11 09:28:57] Error: HTTP Error 500: 
[2026-06-11 09:38:57] Error: HTTP Error 500: 
[2026-06-11 09:48:57] Error: HTTP Error 500: 
[2026-06-11 09:58:57] Error: HTTP Error 500: 
[2026-06-11 10:08:57] Error: HTTP Error 500: 
[2026-06-11 10:18:57] Error: HTTP Error 500: 
[2026-06-11 10:28:58] Error: HTTP Error 500: 
[2026-06-11 10:39:00] Error: HTTP Error 500: 
[2026-06-11 10:49:00] Error: HTTP Error 500: 
[2026-06-11 10:59:00] Error: HTTP Error 500: 
[2026-06-11 11:09:00] Error: HTTP Error 500: 
[2026-06-11 11:19:00] Error: HTTP Error 500: 
[2026-06-11 11:29:01] Error: HTTP Error 500: 
[2026-06-11 11:39:01] Error: HTTP Error 500: 
[2026-06-11 11:49:01] Error: HTTP Error 500: 
[2026-06-11 11:59:01] Error: HTTP Error 500: 
[2026-06-11 12:09:01] Error: HTTP Error 500: 
[2026-06-11 12:19:01] Error: HTTP Error 500: 
[2026-06-11 12:29:01] Error: HTTP Error 500: 
[2026-06-11 12:39:01] Error: HTTP Error 500: 
[2026-06-11 12:49:01] Error: HTTP Error 500: 
[2026-06-11 12:59:01] Error: HTTP Error 500: 
[2026-06-11 13:09:02] Error: HTTP Error 500: 
[2026-06-11 13:19:02] Error: HTTP Error 500: 
[2026-06-11 13:29:02] Error: HTTP Error 500: 
[2026-06-11 13:39:02] Error: HTTP Error 500: 
[2026-06-11 13:49:02] Error: HTTP Error 500: 
[2026-06-11 13:59:02] Error: HTTP Error 500: 
[2026-06-11 14:09:02] Error: HTTP Error 500: 
[2026-06-11 14:19:02] Error: HTTP Error 500: 
[2026-06-11 14:29:02] Error: HTTP Error 500: 
[2026-06-11 14:39:02] Error: HTTP Error 500: 
[2026-06-11 14:49:02] Error: HTTP Error 500: 
[2026-06-11 14:59:03] Error: HTTP Error 500: 
[2026-06-11 15:09:03] Error: HTTP Error 500: 
[2026-06-11 15:19:03] Error: HTTP Error 500: 
[2026-06-11 15:29:03] Error: HTTP Error 500: 
[2026-06-11 15:39:03] Error: HTTP Error 500: 
[2026-06-11 15:49:03] Error: HTTP Error 500: 
[2026-06-11 15:59:03] Error: HTTP Error 500: 
[2026-06-11 16:09:04] Error: HTTP Error 500: 
[2026-06-11 16:19:04] Error: HTTP Error 500: 
[2026-06-11 16:29:04] Error: HTTP Error 500: 
[2026-06-11 16:39:04] Error: HTTP Error 500: 
[2026-06-11 16:49:05] Error: HTTP Error 500: 
[2026-06-11 16:59:06] Error: HTTP Error 500: 
[2026-06-11 17:09:06] Error: HTTP Error 500: 
[2026-06-11 17:19:06] Error: HTTP Error 500: 
[2026-06-11 17:29:06] Error: HTTP Error 500: 
[2026-06-11 17:39:06] Error: HTTP Error 500: 
[2026-06-11 17:49:06] Error: HTTP Error 500: 
[2026-06-11 17:59:06] Error: HTTP Error 500: 
[2026-06-11 18:09:06] Error: HTTP Error 500: 
[2026-06-11 18:19:07] Error: HTTP Error 500: 
[2026-06-11 18:29:07] Error: HTTP Error 500: 
[2026-06-11 18:39:07] Error: HTTP Error 500: 
[2026-06-11 18:49:07] Error: HTTP Error 500: 
[2026-06-11 18:59:07] Error: HTTP Error 500: 
[2026-06-11 19:09:07] Error: HTTP Error 500: 
[2026-06-11 19:19:07] Error: HTTP Error 500: 
[2026-06-11 19:29:07] Error: HTTP Error 500: 
[2026-06-11 21:21:53] Error: <urlopen error timed out>
[2026-06-12 00:20:54] Error: <urlopen error timed out>
[2026-06-12 01:39:08] Error: <urlopen error timed out>
[2026-06-12 02:58:46] Error: <urlopen error timed out>
[2026-06-12 04:21:53] Error: <urlopen error timed out>
[2026-06-12 07:06:15] Error: <urlopen error timed out>
[2026-06-12 08:59:27] Error: HTTP Error 500: 
[2026-06-12 09:09:27] Error: HTTP Error 500: 
[2026-06-12 09:19:27] Error: HTTP Error 500: 
[2026-06-12 09:29:27] Error: HTTP Error 500: 
[2026-06-12 09:39:27] Error: HTTP Error 500: 
[2026-06-12 09:49:28] Error: HTTP Error 500: 
[2026-06-12 09:59:28] Error: HTTP Error 500: 
[2026-06-12 10:09:28] Error: HTTP Error 500: 
[2026-06-12 10:19:28] Error: HTTP Error 500: 
[2026-06-12 10:29:28] Error: HTTP Error 500: 
[2026-06-12 10:39:28] Error: HTTP Error 500: 
[2026-06-12 10:49:28] Error: HTTP Error 500: 
[2026-06-12 10:59:28] Error: HTTP Error 500: 
[2026-06-12 11:09:28] Error: HTTP Error 500: 
[2026-06-12 11:19:28] Error: HTTP Error 500: 
[2026-06-12 11:29:29] Error: HTTP Error 500: 
[2026-06-12 11:39:29] Error: HTTP Error 500: 
[2026-06-12 11:49:29] Error: HTTP Error 500: 
[2026-06-12 11:59:29] Error: HTTP Error 500: 
[2026-06-12 12:09:29] Error: HTTP Error 500: 
[2026-06-12 12:19:29] Error: HTTP Error 500: 
[2026-06-12 12:29:29] Error: HTTP Error 500: 
[2026-06-12 12:39:29] Error: HTTP Error 500: 
[2026-06-12 12:49:29] Error: HTTP Error 500: 
[2026-06-12 12:59:29] Error: HTTP Error 500: 
[2026-06-12 13:09:30] Error: HTTP Error 500: 
[2026-06-12 13:19:30] Error: HTTP Error 500: 
[2026-06-12 13:29:30] Error: HTTP Error 500: 
[2026-06-12 13:39:30] Error: HTTP Error 500: 
[2026-06-12 13:49:30] Error: HTTP Error 500: 
[2026-06-12 13:59:30] Error: HTTP Error 500: 
[2026-06-12 14:09:31] Error: HTTP Error 500: 
[2026-06-12 14:19:31] Error: HTTP Error 500: 
[2026-06-12 14:29:31] Error: HTTP Error 500: 
[2026-06-12 14:39:31] Error: HTTP Error 500: 
[2026-06-12 14:49:31] Error: HTTP Error 500: 
[2026-06-12 14:59:31] Error: HTTP Error 500: 
[2026-06-12 15:09:31] Error: HTTP Error 500: 
[2026-06-12 15:19:31] Error: HTTP Error 500: 
[2026-06-12 15:29:31] Error: HTTP Error 500: 
[2026-06-12 15:39:31] Error: HTTP Error 500: 
[2026-06-12 15:49:31] Error: HTTP Error 500: 
[2026-06-12 15:59:32] Error: HTTP Error 500: 
[2026-06-12 16:09:32] Error: HTTP Error 500: 
[2026-06-12 16:19:32] Error: HTTP Error 500: 
[2026-06-12 16:29:32] Error: HTTP Error 500: 
[2026-06-12 16:39:32] Error: HTTP Error 500: 
[2026-06-12 16:49:32] Error: HTTP Error 500: 
[2026-06-12 16:59:32] Error: HTTP Error 500: 
[2026-06-12 17:09:32] Error: HTTP Error 500: 
[2026-06-12 17:19:33] Error: HTTP Error 500: 
[2026-06-12 17:29:33] Error: HTTP Error 500: 
[2026-06-12 17:39:33] Error: HTTP Error 500: 
[2026-06-12 17:49:33] Error: HTTP Error 500: 
[2026-06-12 17:59:33] Error: HTTP Error 500: 
[2026-06-12 21:18:26] Error: <urlopen error [Errno 60] Operation timed out>
[2026-06-13 03:57:53] Error: <urlopen error timed out>
[2026-06-13 08:23:54] Error: <urlopen error timed out>
[2026-06-13 13:25:21] Error: <urlopen error [Errno 60] Operation timed out>
[2026-06-13 18:33:35] Error: <urlopen error [Errno 60] Operation timed out>
[2026-06-13 22:53:21] Error: <urlopen error timed out>
[2026-06-14 06:05:53] Error: <urlopen error timed out>
[2026-06-14 13:03:54] Error: <urlopen error [Errno 60] Operation timed out>
[2026-06-14 17:31:36] Error: <urlopen error timed out>
[2026-06-14 21:54:31] Error: <urlopen error timed out>
[2026-06-15 05:07:40] Error: <urlopen error timed out>
[2026-06-15 09:07:37] Error: HTTP Error 500: 
[2026-06-15 09:17:37] Error: HTTP Error 500: 
[2026-06-15 09:27:37] Error: HTTP Error 500: 
[2026-06-15 09:37:37] Error: HTTP Error 500: 
[2026-06-15 09:47:37] Error: HTTP Error 500: 
[2026-06-15 09:57:37] Error: HTTP Error 500: 
[2026-06-15 10:07:37] Error: HTTP Error 500: 
[2026-06-15 10:17:37] Error: HTTP Error 500: 
[2026-06-15 10:27:37] Error: HTTP Error 500: 
[2026-06-15 10:37:37] Error: HTTP Error 500: 
[2026-06-15 10:47:38] Error: HTTP Error 500: 
[2026-06-15 10:57:38] Error: HTTP Error 500: 
[2026-06-15 11:07:38] Error: HTTP Error 500: 
[2026-06-15 11:17:38] Error: HTTP Error 500: 
[2026-06-15 11:27:38] Error: HTTP Error 500: 
[2026-06-15 11:37:39] Error: HTTP Error 500: 
[2026-06-15 11:47:39] Error: HTTP Error 500: 
[2026-06-15 11:57:39] Error: HTTP Error 500: 
[2026-06-15 12:07:40] Error: HTTP Error 500: 
[2026-06-15 12:17:40] Error: HTTP Error 500: 
[2026-06-15 12:27:40] Error: HTTP Error 500: 
[2026-06-15 12:37:40] Error: HTTP Error 500: 
[2026-06-15 12:47:40] Error: HTTP Error 500: 
[2026-06-15 12:57:41] Error: HTTP Error 500: 
[2026-06-15 13:07:41] Error: HTTP Error 500: 
[2026-06-15 13:17:41] Error: HTTP Error 500: 
[2026-06-15 13:27:41] Error: HTTP Error 500: 
[2026-06-15 13:37:41] Error: HTTP Error 500: 
[2026-06-15 13:47:41] Error: HTTP Error 500: 
[2026-06-15 13:57:41] Error: HTTP Error 500: 
[2026-06-15 14:07:41] Error: HTTP Error 500: 
[2026-06-15 14:17:41] Error: HTTP Error 500: 
[2026-06-15 14:27:42] Error: HTTP Error 500: 
[2026-06-15 14:37:42] Error: HTTP Error 500: 
[2026-06-15 14:47:42] Error: HTTP Error 500: 
[2026-06-15 14:57:42] Error: HTTP Error 500: 
[2026-06-15 15:07:43] Error: HTTP Error 500: 
[2026-06-15 15:17:43] Error: HTTP Error 500: 
[2026-06-15 15:27:43] Error: HTTP Error 500: 
[2026-06-15 15:37:43] Error: HTTP Error 500: 
[2026-06-15 15:47:43] Error: HTTP Error 500: 
[2026-06-15 15:57:43] Error: HTTP Error 500: 
[2026-06-15 16:07:43] Error: HTTP Error 500: 
[2026-06-15 16:17:43] Error: HTTP Error 500: 
[2026-06-15 16:27:43] Error: HTTP Error 500: 
[2026-06-15 16:37:43] Error: HTTP Error 500: 
[2026-06-15 16:47:44] Error: HTTP Error 500: 
[2026-06-15 16:57:44] Error: HTTP Error 500: 
[2026-06-15 17:07:44] Error: HTTP Error 500: 
[2026-06-15 17:17:44] Error: HTTP Error 500: 
[2026-06-15 17:27:44] Error: HTTP Error 500: 
[2026-06-15 17:37:44] Error: HTTP Error 500: 
[2026-06-15 17:47:45] Error: HTTP Error 500: 
[2026-06-15 17:57:45] Error: HTTP Error 500: 
[2026-06-15 20:25:35] Error: <urlopen error timed out>
[2026-06-15 20:41:29] Error: HTTP Error 500: 
[2026-06-15 20:51:29] Error: HTTP Error 500: 
[2026-06-15 21:01:29] Error: HTTP Error 500: 
[2026-06-15 21:11:29] Error: HTTP Error 500: 
[2026-06-15 21:21:29] Error: HTTP Error 500: 
[2026-06-15 21:31:29] Error: HTTP Error 500: 
[2026-06-15 21:41:29] Error: HTTP Error 500: 
[2026-06-15 21:51:30] Error: HTTP Error 500: 
[2026-06-15 22:01:30] Error: HTTP Error 500: 
[2026-06-15 22:11:30] Error: HTTP Error 500: 
[2026-06-15 22:21:30] Error: HTTP Error 500: 
[2026-06-15 22:31:30] Error: HTTP Error 500: 
[2026-06-15 22:41:30] Error: HTTP Error 500: 
[2026-06-15 22:51:30] Error: HTTP Error 500: 
[2026-06-15 23:01:30] Error: HTTP Error 500: 
[2026-06-15 23:11:31] Error: HTTP Error 500: 
[2026-06-15 23:21:31] Error: HTTP Error 500: 
[2026-06-15 23:31:31] Error: HTTP Error 500: 
[2026-06-15 23:41:31] Error: HTTP Error 500: 
[2026-06-15 23:51:31] Error: HTTP Error 500: 
[2026-06-16 00:01:31] Error: HTTP Error 500: 
[2026-06-16 00:11:31] Error: HTTP Error 500: 
[2026-06-16 00:21:31] Error: HTTP Error 500: 
[2026-06-16 00:31:33] Error: HTTP Error 500: 
[2026-06-16 00:41:33] Error: HTTP Error 500: 
[2026-06-16 00:51:33] Error: HTTP Error 500: 
[2026-06-16 01:01:33] Error: HTTP Error 500: 
[2026-06-16 01:11:33] Error: HTTP Error 500: 
[2026-06-16 01:21:33] Error: HTTP Error 500: 
[2026-06-16 01:31:33] Error: HTTP Error 500: 
[2026-06-16 01:41:33] Error: HTTP Error 500: 
[2026-06-16 01:51:34] Error: HTTP Error 500: 
[2026-06-16 02:01:34] Error: HTTP Error 500: 
[2026-06-16 02:11:34] Error: HTTP Error 500: 
[2026-06-16 02:21:34] Error: HTTP Error 500: 
[2026-06-16 02:31:34] Error: HTTP Error 500: 
[2026-06-16 02:41:34] Error: HTTP Error 500: 
[2026-06-16 02:51:34] Error: HTTP Error 500: 
[2026-06-16 03:01:34] Error: HTTP Error 500: 
[2026-06-16 03:11:35] Error: HTTP Error 500: 
[2026-06-16 03:21:35] Error: HTTP Error 500: 
[2026-06-16 03:31:35] Error: HTTP Error 500: 
[2026-06-16 03:41:35] Error: HTTP Error 500: 
[2026-06-16 03:51:35] Error: HTTP Error 500: 
[2026-06-16 04:01:35] Error: HTTP Error 500: 
[2026-06-16 04:11:35] Error: HTTP Error 500: 
[2026-06-16 04:21:35] Error: HTTP Error 500: 
[2026-06-16 04:31:36] Error: HTTP Error 500: 
[2026-06-16 04:41:36] Error: HTTP Error 500: 
[2026-06-16 04:51:36] Error: HTTP Error 500: 
[2026-06-16 05:01:36] Error: HTTP Error 500: 
[2026-06-16 05:11:36] Error: HTTP Error 500: 
[2026-06-16 05:21:36] Error: HTTP Error 500: 
[2026-06-16 05:31:36] Error: HTTP Error 500: 
[2026-06-16 05:41:37] Error: HTTP Error 500: 
[2026-06-16 05:51:37] Error: HTTP Error 500: 
[2026-06-16 06:01:37] Error: HTTP Error 500: 
[2026-06-16 06:11:37] Error: HTTP Error 500: 
[2026-06-16 06:21:38] Error: HTTP Error 500: 
[2026-06-16 06:31:38] Error: HTTP Error 500: 
[2026-06-16 06:41:38] Error: HTTP Error 500: 
[2026-06-16 06:51:38] Error: HTTP Error 500: 
[2026-06-16 07:01:38] Error: HTTP Error 500: 
[2026-06-16 07:11:38] Error: HTTP Error 500: 
[2026-06-16 07:21:38] Error: HTTP Error 500: 
[2026-06-16 07:31:38] Error: HTTP Error 500: 
[2026-06-16 08:52:48] Error: HTTP Error 500: 
[2026-06-16 09:02:48] Error: HTTP Error 500: 
[2026-06-16 09:12:48] Error: HTTP Error 500: 
[2026-06-16 09:22:48] Error: HTTP Error 500: 
[2026-06-16 09:32:48] Error: HTTP Error 500: 
[2026-06-16 09:42:49] Error: HTTP Error 500: 
[2026-06-16 09:52:49] Error: HTTP Error 500: 
[2026-06-16 10:02:49] Error: HTTP Error 500: 
[2026-06-16 10:12:49] Error: HTTP Error 500: 
[2026-06-16 10:22:49] Error: HTTP Error 500: 
[2026-06-16 10:32:49] Error: HTTP Error 500: 
[2026-06-16 10:42:49] Error: HTTP Error 500: 
[2026-06-16 10:52:49] Error: HTTP Error 500: 
[2026-06-16 11:02:49] Error: HTTP Error 500: 
[2026-06-16 11:12:49] Error: HTTP Error 500: 
[2026-06-16 11:22:50] Error: HTTP Error 500: 
[2026-06-16 11:32:50] Error: HTTP Error 500: 
[2026-06-16 11:42:50] Error: HTTP Error 500: 
[2026-06-16 11:52:50] Error: HTTP Error 500: 
[2026-06-16 12:02:50] Error: HTTP Error 500: 
[2026-06-16 12:12:50] Error: HTTP Error 500: 
[2026-06-16 12:22:50] Error: HTTP Error 500: 
[2026-06-16 12:32:50] Error: HTTP Error 500: 
[2026-06-16 12:42:50] Error: HTTP Error 500: 
[2026-06-16 12:52:50] Error: HTTP Error 500: 
[2026-06-16 13:02:51] Error: HTTP Error 500: 
[2026-06-16 13:12:51] Error: HTTP Error 500: 
[2026-06-16 13:22:51] Error: HTTP Error 500: 
[2026-06-16 13:32:51] Error: HTTP Error 500: 
[2026-06-16 13:42:51] Error: HTTP Error 500: 
[2026-06-16 13:52:51] Error: HTTP Error 500: 
[2026-06-16 14:02:51] Error: HTTP Error 500: 
[2026-06-16 14:12:51] Error: HTTP Error 500: 
[2026-06-16 14:22:51] Error: HTTP Error 500: 
[2026-06-16 14:32:51] Error: HTTP Error 500: 
[2026-06-16 14:42:52] Error: HTTP Error 500: 
[2026-06-16 14:52:52] Error: HTTP Error 500: 
[2026-06-16 15:02:52] Error: HTTP Error 500: 
[2026-06-16 15:12:52] Error: HTTP Error 500: 
[2026-06-16 15:22:52] Error: HTTP Error 500: 
[2026-06-16 15:32:52] Error: HTTP Error 500: 
[2026-06-16 15:42:52] Error: HTTP Error 500: 
[2026-06-16 15:52:52] Error: HTTP Error 500: 
[2026-06-16 16:02:52] Error: HTTP Error 500: 
[2026-06-16 16:12:52] Error: HTTP Error 500: 
[2026-06-16 16:22:53] Error: HTTP Error 500: 
[2026-06-16 16:32:53] Error: HTTP Error 500: 
[2026-06-16 16:42:53] Error: HTTP Error 500: 
[2026-06-16 16:52:53] Error: HTTP Error 500: 
[2026-06-16 17:02:53] Error: HTTP Error 500: 
[2026-06-16 17:12:53] Error: HTTP Error 500: 
[2026-06-16 17:22:53] Error: HTTP Error 500: 
[2026-06-16 17:32:53] Error: HTTP Error 500: 
[2026-06-16 17:42:54] Error: HTTP Error 500: 
[2026-06-16 17:52:54] Error: HTTP Error 500: 
[2026-06-16 18:02:54] Error: HTTP Error 500: 
[2026-06-16 18:12:54] Error: HTTP Error 500: 
[2026-06-16 18:22:54] Error: HTTP Error 500: 
[2026-06-16 19:55:47] Error: <urlopen error timed out>
[2026-06-16 20:36:39] Error: HTTP Error 500: 
[2026-06-16 20:46:39] Error: HTTP Error 500: 
[2026-06-16 20:56:39] Error: HTTP Error 500: 
[2026-06-16 21:06:39] Error: HTTP Error 500: 
[2026-06-16 21:16:39] Error: HTTP Error 500: 
[2026-06-16 21:26:39] Error: HTTP Error 500: 
[2026-06-16 21:36:39] Error: HTTP Error 500: 
[2026-06-16 21:46:39] Error: HTTP Error 500: 
[2026-06-16 21:56:40] Error: HTTP Error 500: 
[2026-06-16 22:06:40] Error: HTTP Error 500: 
[2026-06-16 22:16:40] Error: HTTP Error 500: 
[2026-06-16 22:26:40] Error: HTTP Error 500: 
[2026-06-16 22:36:40] Error: HTTP Error 500: 
[2026-06-16 22:46:40] Error: HTTP Error 500: 
[2026-06-16 22:56:40] Error: HTTP Error 500: 
[2026-06-16 23:06:40] Error: HTTP Error 500: 
[2026-06-16 23:16:43] Error: HTTP Error 500: 
[2026-06-16 23:26:43] Error: HTTP Error 500: 
[2026-06-16 23:36:43] Error: HTTP Error 500: 
[2026-06-16 23:46:43] Error: HTTP Error 500: 
[2026-06-16 23:56:43] Error: HTTP Error 500: 
[2026-06-17 00:06:43] Error: HTTP Error 500: 
[2026-06-17 00:16:43] Error: HTTP Error 500: 
[2026-06-17 00:26:43] Error: HTTP Error 500: 
[2026-06-17 00:36:44] Error: HTTP Error 500: 
[2026-06-17 00:46:44] Error: HTTP Error 500: 
[2026-06-17 00:56:44] Error: HTTP Error 500: 
[2026-06-17 01:06:44] Error: HTTP Error 500: 
[2026-06-17 01:16:44] Error: HTTP Error 500: 
[2026-06-17 01:26:44] Error: HTTP Error 500: 
[2026-06-17 01:36:44] Error: HTTP Error 500: 
[2026-06-17 01:46:44] Error: HTTP Error 500: 
[2026-06-17 01:56:44] Error: HTTP Error 500: 
[2026-06-17 02:06:45] Error: HTTP Error 500: 
[2026-06-17 02:16:45] Error: HTTP Error 500: 
[2026-06-17 02:26:45] Error: HTTP Error 500: 
[2026-06-17 02:36:45] Error: HTTP Error 500: 
[2026-06-17 02:46:45] Error: HTTP Error 500: 
[2026-06-17 02:56:45] Error: HTTP Error 500: 
[2026-06-17 03:06:45] Error: HTTP Error 500: 
[2026-06-17 03:16:45] Error: HTTP Error 500: 
[2026-06-17 03:26:45] Error: HTTP Error 500: 
[2026-06-17 03:36:46] Error: HTTP Error 500: 
[2026-06-17 03:46:46] Error: HTTP Error 500: 
[2026-06-17 03:56:46] Error: HTTP Error 500: 
[2026-06-17 04:06:46] Error: HTTP Error 500: 
[2026-06-17 04:16:46] Error: HTTP Error 500: 
[2026-06-17 04:26:46] Error: HTTP Error 500: 
[2026-06-17 04:36:46] Error: HTTP Error 500: 
[2026-06-17 04:46:46] Error: HTTP Error 500: 
[2026-06-17 04:56:46] Error: HTTP Error 500: 
[2026-06-17 05:06:47] Error: HTTP Error 500: 
[2026-06-17 05:16:47] Error: HTTP Error 500: 
[2026-06-17 05:26:47] Error: HTTP Error 500: 
[2026-06-17 05:36:47] Error: HTTP Error 500: 
[2026-06-17 05:46:47] Error: HTTP Error 500: 
[2026-06-17 05:56:47] Error: HTTP Error 500: 
[2026-06-17 06:06:47] Error: HTTP Error 500: 
[2026-06-17 06:16:47] Error: HTTP Error 500: 
[2026-06-17 06:26:48] Error: HTTP Error 500: 
[2026-06-17 06:36:48] Error: HTTP Error 500: 
[2026-06-17 06:46:48] Error: HTTP Error 500: 
[2026-06-17 06:56:48] Error: HTTP Error 500: 
[2026-06-17 07:06:48] Error: HTTP Error 500: 
[2026-06-17 07:16:48] Error: HTTP Error 500: 
[2026-06-17 07:26:48] Error: HTTP Error 500: 
[2026-06-17 07:36:48] Error: HTTP Error 500: 
[2026-06-17 08:51:41] Error: HTTP Error 500: 
[2026-06-17 09:01:41] Error: HTTP Error 500: 
[2026-06-17 09:11:41] Error: HTTP Error 500: 
[2026-06-17 09:21:41] Error: HTTP Error 500: 
[2026-06-17 09:31:42] Error: HTTP Error 500: 
[2026-06-17 09:41:42] Error: HTTP Error 500: 
[2026-06-17 09:51:42] Error: HTTP Error 500: 
[2026-06-17 10:01:42] Error: HTTP Error 500: 
[2026-06-17 10:11:42] Error: HTTP Error 500: 
[2026-06-17 10:21:42] Error: HTTP Error 500: 
[2026-06-17 10:31:42] Error: HTTP Error 500: 
[2026-06-17 10:41:42] Error: HTTP Error 500: 
[2026-06-17 10:51:42] Error: HTTP Error 500: 
[2026-06-17 11:01:43] Error: HTTP Error 500: 
[2026-06-17 11:11:43] Error: HTTP Error 500: 
[2026-06-17 11:21:43] Error: HTTP Error 500: 
[2026-06-17 11:31:43] Error: HTTP Error 500: 
[2026-06-17 11:41:43] Error: HTTP Error 500: 
[2026-06-17 11:51:43] Error: HTTP Error 500: 
[2026-06-17 12:01:43] Error: HTTP Error 500: 
[2026-06-17 12:11:43] Error: HTTP Error 500: 
[2026-06-17 12:21:43] Error: HTTP Error 500: 
[2026-06-17 12:31:43] Error: HTTP Error 500: 
[2026-06-17 12:41:44] Error: HTTP Error 500: 
[2026-06-17 12:51:44] Error: HTTP Error 500: 
[2026-06-17 13:01:44] Error: HTTP Error 500: 
[2026-06-17 13:11:44] Error: HTTP Error 500: 
[2026-06-17 13:21:44] Error: HTTP Error 500: 
[2026-06-17 13:31:44] Error: HTTP Error 500: 
[2026-06-17 13:41:44] Error: HTTP Error 500: 
[2026-06-17 13:51:44] Error: HTTP Error 500: 
[2026-06-17 14:01:45] Error: HTTP Error 500: 
[2026-06-17 14:11:45] Error: HTTP Error 500: 
[2026-06-17 14:21:45] Error: HTTP Error 500: 
[2026-06-17 14:31:46] Error: HTTP Error 500: 
[2026-06-17 14:41:46] Error: HTTP Error 500: 
[2026-06-17 14:51:46] Error: HTTP Error 500: 
[2026-06-17 15:01:46] Error: HTTP Error 500: 
[2026-06-17 15:11:46] Error: HTTP Error 500: 
[2026-06-17 15:21:46] Error: HTTP Error 500: 
[2026-06-17 15:31:46] Error: HTTP Error 500: 
[2026-06-17 15:41:46] Error: HTTP Error 500: 
[2026-06-17 15:51:46] Error: HTTP Error 500: 
[2026-06-17 16:01:46] Error: HTTP Error 500: 
[2026-06-17 16:11:46] Error: HTTP Error 500: 
[2026-06-17 16:21:47] Error: HTTP Error 500: 
[2026-06-17 16:31:47] Error: HTTP Error 500: 
[2026-06-17 16:41:47] Error: HTTP Error 500: 
[2026-06-17 16:51:47] Error: HTTP Error 500: 
[2026-06-17 17:01:47] Error: HTTP Error 500: 
[2026-06-17 17:11:47] Error: HTTP Error 500: 
[2026-06-17 17:21:47] Error: HTTP Error 500: 
[2026-06-17 17:31:47] Error: HTTP Error 500: 
[2026-06-17 17:41:47] Error: HTTP Error 500: 
[2026-06-17 17:51:49] Error: HTTP Error 500: 
[2026-06-17 18:01:50] Error: HTTP Error 500: 
[2026-06-17 18:13:43] Error: <urlopen error [Errno 8] nodename nor servname provided, or not known>
[2026-06-17 19:47:30] Error: HTTP Error 500: 
[2026-06-17 19:57:30] Error: HTTP Error 500: 
[2026-06-17 20:07:30] Error: HTTP Error 500: 
[2026-06-17 20:17:30] Error: HTTP Error 500: 
[2026-06-17 20:27:30] Error: HTTP Error 500: 
[2026-06-17 20:37:31] Error: HTTP Error 500: 
[2026-06-17 20:47:31] Error: HTTP Error 500: 
[2026-06-17 20:57:32] Error: HTTP Error 500: 
[2026-06-17 21:07:32] Error: HTTP Error 500: 
[2026-06-17 21:17:32] Error: HTTP Error 500: 
[2026-06-17 21:27:32] Error: HTTP Error 500: 
[2026-06-17 21:37:32] Error: HTTP Error 500: 
[2026-06-17 21:47:32] Error: HTTP Error 500: 
[2026-06-17 21:57:32] Error: HTTP Error 500: 
[2026-06-17 22:07:33] Error: HTTP Error 500: 
[2026-06-17 22:17:33] Error: HTTP Error 500: 
[2026-06-17 22:27:33] Error: HTTP Error 500: 
[2026-06-17 22:37:33] Error: HTTP Error 500: 
[2026-06-17 22:47:33] Error: HTTP Error 500: 
[2026-06-17 22:57:33] Error: HTTP Error 500: 
[2026-06-17 23:07:33] Error: HTTP Error 500: 
[2026-06-17 23:17:33] Error: HTTP Error 500: 
[2026-06-17 23:27:33] Error: HTTP Error 500: 
[2026-06-17 23:37:33] Error: HTTP Error 500: 
[2026-06-17 23:47:34] Error: HTTP Error 500: 
[2026-06-17 23:57:34] Error: HTTP Error 500: 
[2026-06-18 00:07:34] Error: HTTP Error 500: 
[2026-06-18 00:17:34] Error: HTTP Error 500: 
[2026-06-18 00:27:34] Error: HTTP Error 500: 
[2026-06-18 00:37:34] Error: HTTP Error 500: 
[2026-06-18 00:47:34] Error: HTTP Error 500: 
[2026-06-18 00:57:34] Error: HTTP Error 500: 
[2026-06-18 01:07:35] Error: HTTP Error 500: 
[2026-06-18 01:17:35] Error: HTTP Error 500: 
[2026-06-18 01:27:35] Error: HTTP Error 500: 
[2026-06-18 01:37:35] Error: HTTP Error 500: 
[2026-06-18 01:47:35] Error: HTTP Error 500: 
[2026-06-18 01:57:35] Error: HTTP Error 500: 
[2026-06-18 02:07:35] Error: HTTP Error 500: 
[2026-06-18 02:17:35] Error: HTTP Error 500: 
[2026-06-18 02:27:36] Error: HTTP Error 500: 
[2026-06-18 02:37:36] Error: HTTP Error 500: 
[2026-06-18 02:47:36] Error: HTTP Error 500: 
[2026-06-18 02:57:36] Error: HTTP Error 500: 
[2026-06-18 03:07:36] Error: HTTP Error 500: 
[2026-06-18 03:17:36] Error: HTTP Error 500: 
[2026-06-18 03:27:36] Error: HTTP Error 500: 
[2026-06-18 03:37:36] Error: HTTP Error 500: 
[2026-06-18 03:47:37] Error: HTTP Error 500: 
[2026-06-18 03:57:37] Error: HTTP Error 500: 
[2026-06-18 04:07:37] Error: HTTP Error 500: 
[2026-06-18 04:17:37] Error: HTTP Error 500: 
[2026-06-18 04:27:37] Error: HTTP Error 500: 
[2026-06-18 04:37:38] Error: HTTP Error 500: 
[2026-06-18 04:47:38] Error: HTTP Error 500: 
[2026-06-18 04:57:38] Error: HTTP Error 500: 
[2026-06-18 05:07:38] Error: HTTP Error 500: 
[2026-06-18 05:17:38] Error: HTTP Error 500: 
[2026-06-18 05:27:38] Error: HTTP Error 500: 
[2026-06-18 05:37:38] Error: HTTP Error 500: 
[2026-06-18 05:47:40] Error: HTTP Error 500: 
[2026-06-18 05:57:40] Error: HTTP Error 500: 
[2026-06-18 06:07:40] Error: HTTP Error 500: 
[2026-06-18 06:17:40] Error: HTTP Error 500: 
[2026-06-18 06:27:40] Error: HTTP Error 500: 
[2026-06-18 06:37:40] Error: HTTP Error 500: 
[2026-06-18 06:47:40] Error: HTTP Error 500: 
[2026-06-18 06:57:40] Error: HTTP Error 500: 
[2026-06-18 07:07:41] Error: HTTP Error 500: 
[2026-06-18 07:17:41] Error: HTTP Error 500: 
[2026-06-18 07:49:42] Error: <urlopen error [Errno 8] nodename nor servname provided, or not known>
[2026-06-18 08:59:55] Error: HTTP Error 500: 
[2026-06-18 09:09:55] Error: HTTP Error 500: 
[2026-06-18 09:19:55] Error: HTTP Error 500: 
[2026-06-18 09:29:55] Error: HTTP Error 500: 
[2026-06-18 09:39:55] Error: HTTP Error 500: 
[2026-06-18 09:49:55] Error: HTTP Error 500: 
[2026-06-18 09:59:55] Error: HTTP Error 500: 
[2026-06-18 10:09:56] Error: HTTP Error 500: 
[2026-06-18 10:19:56] Error: HTTP Error 500: 
[2026-06-18 10:29:56] Error: HTTP Error 500: 
[2026-06-18 10:39:56] Error: HTTP Error 500: 
[2026-06-18 10:49:56] Error: HTTP Error 500: 
[2026-06-18 10:59:56] Error: HTTP Error 500: 
[2026-06-18 11:09:56] Error: HTTP Error 500: 
[2026-06-18 11:19:56] Error: HTTP Error 500: 
[2026-06-18 11:29:56] Error: HTTP Error 500: 
[2026-06-18 11:39:56] Error: HTTP Error 500: 
[2026-06-18 11:49:57] Error: HTTP Error 500: 
[2026-06-18 11:59:57] Error: HTTP Error 500: 
[2026-06-18 12:09:57] Error: HTTP Error 500: 
[2026-06-18 12:19:57] Error: HTTP Error 500: 
[2026-06-18 12:29:57] Error: HTTP Error 500: 
[2026-06-18 12:39:57] Error: HTTP Error 500: 
[2026-06-18 12:49:59] Error: HTTP Error 500: 
[2026-06-18 12:59:59] Error: HTTP Error 500: 
[2026-06-18 13:09:59] Error: HTTP Error 500: 
[2026-06-18 13:19:59] Error: HTTP Error 500: 
[2026-06-18 13:29:59] Error: HTTP Error 500: 
[2026-06-18 13:39:59] Error: HTTP Error 500: 
[2026-06-18 13:49:59] Error: HTTP Error 500: 
[2026-06-18 13:59:59] Error: HTTP Error 500: 
[2026-06-18 14:09:59] Error: HTTP Error 500: 
[2026-06-18 14:20:00] Error: HTTP Error 500: 
[2026-06-18 14:30:00] Error: HTTP Error 500: 
[2026-06-18 14:40:00] Error: HTTP Error 500: 
[2026-06-18 14:50:00] Error: HTTP Error 500: 
[2026-06-18 15:00:00] Error: HTTP Error 500: 
[2026-06-18 15:10:04] Error: HTTP Error 500: 
[2026-06-18 15:20:04] Error: HTTP Error 500: 
[2026-06-18 15:30:04] Error: HTTP Error 500: 
[2026-06-18 15:40:04] Error: HTTP Error 500: 
[2026-06-18 15:50:05] Error: HTTP Error 500: 
[2026-06-18 16:00:05] Error: HTTP Error 500: 
[2026-06-18 16:10:05] Error: HTTP Error 500: 
[2026-06-18 16:20:06] Error: HTTP Error 500: 
[2026-06-18 16:30:06] Error: HTTP Error 500: 
[2026-06-18 16:40:06] Error: HTTP Error 500: 
[2026-06-18 16:50:06] Error: HTTP Error 500: 
[2026-06-18 17:00:06] Error: HTTP Error 500: 
[2026-06-18 17:10:06] Error: HTTP Error 500: 
[2026-06-18 17:20:06] Error: HTTP Error 500: 
[2026-06-18 17:30:06] Error: HTTP Error 500: 
[2026-06-18 17:40:06] Error: HTTP Error 500: 
[2026-06-18 17:50:06] Error: HTTP Error 500: 
[2026-06-18 18:00:07] Error: HTTP Error 500: 
[2026-06-18 18:10:07] Error: HTTP Error 500: 
[2026-06-18 19:42:25] Error: <urlopen error [Errno 60] Operation timed out>
[2026-06-18 21:34:59] Error: <urlopen error timed out>
[2026-06-18 22:49:26] Error: <urlopen error timed out>
[2026-06-18 23:56:32] Error: <urlopen error timed out>
[2026-06-19 02:45:47] Error: <urlopen error timed out>
[2026-06-19 06:03:46] Error: <urlopen error timed out>
[2026-06-19 07:56:00] Error: <urlopen error timed out>
[2026-06-19 09:05:29] Error: <urlopen error timed out>
[2026-06-19 10:12:24] Error: <urlopen error timed out>
[2026-06-19 11:26:35] Error: <urlopen error timed out>
[2026-06-19 12:47:53] Error: <urlopen error timed out>
[2026-06-19 14:00:36] Error: <urlopen error timed out>
[2026-06-19 15:11:22] Error: <urlopen error timed out>
[2026-06-19 16:26:20] Error: <urlopen error timed out>
[2026-06-19 17:53:12] Error: <urlopen error timed out>
[2026-06-19 19:00:10] Error: <urlopen error timed out>
[2026-06-19 20:00:50] Error: <urlopen error timed out>
[2026-06-19 21:21:53] Error: <urlopen error timed out>
[2026-06-19 22:42:34] Error: <urlopen error timed out>
[2026-06-19 23:55:46] Error: <urlopen error timed out>
[2026-06-20 02:30:41] Error: <urlopen error timed out>
[2026-06-20 03:43:30] Error: <urlopen error timed out>
[2026-06-20 05:02:26] Error: <urlopen error timed out>
[2026-06-20 06:12:36] Error: <urlopen error timed out>
[2026-06-20 07:25:58] Error: <urlopen error timed out>
[2026-06-20 08:53:36] Error: <urlopen error timed out>
[2026-06-20 11:15:58] Error: <urlopen error [Errno 60] Operation timed out>
[2026-06-20 14:16:14] Error: <urlopen error [Errno 60] Operation timed out>
[2026-06-20 15:40:26] Error: <urlopen error timed out>
[2026-06-20 16:59:43] Error: <urlopen error timed out>
[2026-06-20 18:09:56] Error: <urlopen error timed out>
[2026-06-20 19:24:04] Error: <urlopen error timed out>
[2026-06-20 20:43:02] Error: <urlopen error timed out>
[2026-06-20 22:01:16] Error: <urlopen error timed out>
[2026-06-20 23:25:44] Error: <urlopen error timed out>
[2026-06-21 01:40:54] Error: <urlopen error timed out>
[2026-06-21 04:48:02] Error: <urlopen error [Errno 60] Operation timed out>
[2026-06-21 07:47:41] Error: <urlopen error [Errno 60] Operation timed out>
[2026-06-21 10:46:13] Error: <urlopen error timed out>
[2026-06-21 14:08:04] Error: <urlopen error timed out>
[2026-06-21 16:54:30] Error: <urlopen error timed out>
[2026-06-21 20:12:42] Error: <urlopen error [Errno 60] Operation timed out>
[2026-06-21 21:48:10] Error: <urlopen error timed out>
[2026-06-21 23:07:03] Error: <urlopen error timed out>
[2026-06-22 01:05:09] Error: <urlopen error [Errno 60] Operation timed out>
[2026-06-22 03:49:08] Error: <urlopen error timed out>
[2026-06-22 06:32:54] Error: <urlopen error timed out>
[2026-06-22 08:53:09] Error: HTTP Error 500: 
[2026-06-22 09:03:09] Error: HTTP Error 500: 
[2026-06-22 09:13:09] Error: HTTP Error 500: 
[2026-06-22 09:23:09] Error: HTTP Error 500: 
[2026-06-22 09:33:09] Error: HTTP Error 500: 
[2026-06-22 09:43:09] Error: HTTP Error 500: 
[2026-06-22 09:53:09] Error: HTTP Error 500: 
[2026-06-22 10:03:10] Error: HTTP Error 500: 
[2026-06-22 10:13:10] Error: HTTP Error 500: 
[2026-06-22 10:23:12] Error: HTTP Error 500: 
[2026-06-22 10:33:12] Error: HTTP Error 500: 
[2026-06-22 10:43:12] Error: HTTP Error 500: 
[2026-06-22 10:53:12] Error: HTTP Error 500: 
[2026-06-22 11:03:12] Error: HTTP Error 500: 
[2026-06-22 11:13:13] Error: HTTP Error 500: 
[2026-06-22 11:23:13] Error: HTTP Error 500: 
[2026-06-22 11:33:13] Error: HTTP Error 500: 
[2026-06-22 11:43:13] Error: HTTP Error 500: 
[2026-06-22 11:53:13] Error: HTTP Error 500: 
[2026-06-22 12:03:13] Error: HTTP Error 500: 
[2026-06-22 12:13:13] Error: HTTP Error 500: 
[2026-06-22 12:23:13] Error: HTTP Error 500: 
[2026-06-22 12:33:13] Error: HTTP Error 500: 
[2026-06-22 12:43:13] Error: HTTP Error 500: 
[2026-06-22 12:53:13] Error: HTTP Error 500: 
[2026-06-22 13:03:13] Error: HTTP Error 500: 
[2026-06-22 13:13:14] Error: HTTP Error 500: 
[2026-06-22 13:23:14] Error: HTTP Error 500: 
[2026-06-22 13:33:14] Error: HTTP Error 500: 
[2026-06-22 13:59:51] Error: HTTP Error 500: 
[2026-06-22 14:09:51] Error: HTTP Error 500: 
[2026-06-22 14:19:51] Error: HTTP Error 500: 
[2026-06-22 14:29:51] Error: HTTP Error 500: 
[2026-06-22 14:39:51] Error: HTTP Error 500: 
[2026-06-22 14:49:51] Error: HTTP Error 500: 
[2026-06-22 14:59:52] Error: HTTP Error 500: 
[2026-06-22 15:09:52] Error: HTTP Error 500: 
[2026-06-22 15:19:52] Error: HTTP Error 500: 
[2026-06-22 15:29:52] Error: HTTP Error 500: 
[2026-06-22 15:39:52] Error: HTTP Error 500: 
[2026-06-22 15:49:52] Error: HTTP Error 500: 
[2026-06-22 15:59:52] Error: HTTP Error 500: 
[2026-06-22 16:09:52] Error: HTTP Error 500: 
[2026-06-22 16:19:52] Error: HTTP Error 500: 
[2026-06-22 16:29:52] Error: HTTP Error 500: 
[2026-06-22 16:39:53] Error: HTTP Error 500: 
[2026-06-22 16:49:53] Error: HTTP Error 500: 
[2026-06-22 16:59:53] Error: HTTP Error 500: 
[2026-06-22 17:09:53] Error: HTTP Error 500: 
[2026-06-22 17:19:53] Error: HTTP Error 500: 
[2026-06-22 17:29:53] Error: HTTP Error 500: 
[2026-06-22 17:39:53] Error: HTTP Error 500: 
[2026-06-22 17:49:53] Error: HTTP Error 500: 
[2026-06-22 17:59:53] Error: HTTP Error 500: 
[2026-06-22 18:09:53] Error: HTTP Error 500: 
[2026-06-22 18:19:54] Error: HTTP Error 500: 
[2026-06-22 20:00:37] Error: HTTP Error 500: 
[2026-06-22 20:10:37] Error: HTTP Error 500: 
[2026-06-22 20:20:38] Error: HTTP Error 500: 
[2026-06-22 20:30:38] Error: HTTP Error 500: 
[2026-06-22 20:40:38] Error: HTTP Error 500: 
[2026-06-22 20:50:38] Error: HTTP Error 500: 
[2026-06-22 21:00:38] Error: HTTP Error 500: 
[2026-06-22 21:10:38] Error: HTTP Error 500: 
[2026-06-22 21:20:38] Error: HTTP Error 500: 
[2026-06-22 21:30:39] Error: HTTP Error 500: 
[2026-06-22 21:40:39] Error: HTTP Error 500: 
[2026-06-22 21:50:39] Error: HTTP Error 500: 
[2026-06-22 22:00:39] Error: HTTP Error 500: 
[2026-06-22 22:10:39] Error: HTTP Error 500: 
[2026-06-22 22:20:39] Error: HTTP Error 500: 
[2026-06-22 22:30:39] Error: HTTP Error 500: 
[2026-06-22 22:40:40] Error: HTTP Error 500: 
[2026-06-22 22:50:40] Error: HTTP Error 500: 
[2026-06-22 23:00:40] Error: HTTP Error 500: 
[2026-06-22 23:10:40] Error: HTTP Error 500: 
[2026-06-22 23:20:40] Error: HTTP Error 500: 
[2026-06-22 23:30:40] Error: HTTP Error 500: 
[2026-06-22 23:40:40] Error: HTTP Error 500: 
[2026-06-22 23:50:41] Error: HTTP Error 500: 
[2026-06-23 00:00:41] Error: HTTP Error 500: 
[2026-06-23 00:10:41] Error: HTTP Error 500: 
[2026-06-23 00:20:42] Error: HTTP Error 500: 
[2026-06-23 00:30:42] Error: HTTP Error 500: 
[2026-06-23 00:40:42] Error: HTTP Error 500: 
[2026-06-23 00:50:42] Error: HTTP Error 500: 
[2026-06-23 01:00:42] Error: HTTP Error 500: 
[2026-06-23 01:10:42] Error: HTTP Error 500: 
[2026-06-23 01:20:42] Error: HTTP Error 500: 
[2026-06-23 01:30:43] Error: HTTP Error 500: 
[2026-06-23 01:40:43] Error: HTTP Error 500: 
[2026-06-23 01:50:43] Error: HTTP Error 500: 
[2026-06-23 02:00:43] Error: HTTP Error 500: 
[2026-06-23 02:10:43] Error: HTTP Error 500: 
[2026-06-23 02:20:43] Error: HTTP Error 500: 
[2026-06-23 02:30:44] Error: HTTP Error 500: 
[2026-06-23 02:40:44] Error: HTTP Error 500: 
[2026-06-23 02:50:44] Error: HTTP Error 500: 
[2026-06-23 03:00:44] Error: HTTP Error 500: 
[2026-06-23 03:10:44] Error: HTTP Error 500: 
[2026-06-23 03:20:44] Error: HTTP Error 500: 
[2026-06-23 03:30:44] Error: HTTP Error 500: 
[2026-06-23 03:40:45] Error: HTTP Error 500: 
[2026-06-23 03:50:45] Error: HTTP Error 500: 
[2026-06-23 04:00:45] Error: HTTP Error 500: 
[2026-06-23 04:10:45] Error: HTTP Error 500: 
[2026-06-23 04:20:45] Error: HTTP Error 500: 
[2026-06-23 04:30:45] Error: HTTP Error 500: 
[2026-06-23 04:40:45] Error: HTTP Error 500: 
[2026-06-23 04:50:45] Error: HTTP Error 500: 
[2026-06-23 05:00:46] Error: HTTP Error 500: 
[2026-06-23 05:10:46] Error: HTTP Error 500: 
[2026-06-23 05:20:46] Error: HTTP Error 500: 
[2026-06-23 05:30:46] Error: HTTP Error 500: 
[2026-06-23 05:40:46] Error: HTTP Error 500: 
[2026-06-23 05:50:47] Error: HTTP Error 500: 
[2026-06-23 06:00:47] Error: HTTP Error 500: 
[2026-06-23 06:10:47] Error: HTTP Error 500: 
[2026-06-23 06:20:47] Error: HTTP Error 500: 
[2026-06-23 06:30:47] Error: HTTP Error 500: 
[2026-06-23 06:40:47] Error: HTTP Error 500: 
[2026-06-23 06:50:47] Error: HTTP Error 500: 
[2026-06-23 07:00:48] Error: HTTP Error 500: 
[2026-06-23 07:10:48] Error: HTTP Error 500: 
[2026-06-23 07:20:48] Error: HTTP Error 500: 
[2026-06-23 07:30:48] Error: HTTP Error 500: 
[2026-06-23 08:57:45] Error: HTTP Error 500: 
[2026-06-23 09:07:45] Error: HTTP Error 500: 
[2026-06-23 09:17:45] Error: HTTP Error 500: 
[2026-06-23 09:27:45] Error: HTTP Error 500: 
[2026-06-23 09:37:45] Error: HTTP Error 500: 
[2026-06-23 09:47:45] Error: HTTP Error 500: 
[2026-06-23 09:57:45] Error: HTTP Error 500: 
[2026-06-23 10:07:45] Error: HTTP Error 500: 
[2026-06-23 10:17:45] Error: HTTP Error 500: 
[2026-06-23 10:27:46] Error: HTTP Error 500: 
[2026-06-23 10:37:46] Error: HTTP Error 500: 
[2026-06-23 10:47:46] Error: HTTP Error 500: 
[2026-06-23 10:57:46] Error: HTTP Error 500: 
[2026-06-23 11:07:46] Error: HTTP Error 500: 
[2026-06-23 11:17:46] Error: HTTP Error 500: 
[2026-06-23 11:27:46] Error: HTTP Error 500: 
[2026-06-23 11:37:46] Error: HTTP Error 500: 
[2026-06-23 11:47:46] Error: HTTP Error 500: 
[2026-06-23 11:57:47] Error: HTTP Error 500: 
[2026-06-23 12:07:47] Error: HTTP Error 500: 
[2026-06-23 12:17:47] Error: HTTP Error 500: 
[2026-06-23 12:27:47] Error: HTTP Error 500: 
[2026-06-23 12:37:47] Error: HTTP Error 500: 
[2026-06-23 12:47:47] Error: HTTP Error 500: 
[2026-06-23 12:57:47] Error: HTTP Error 500: 
[2026-06-23 13:07:47] Error: HTTP Error 500: 
[2026-06-23 13:17:47] Error: HTTP Error 500: 
[2026-06-23 13:27:48] Error: HTTP Error 500: 
[2026-06-23 13:37:48] Error: HTTP Error 500: 
[2026-06-23 13:47:48] Error: HTTP Error 500: 
[2026-06-23 13:57:48] Error: HTTP Error 500: 
[2026-06-23 14:07:48] Error: HTTP Error 500: 
[2026-06-23 14:17:48] Error: HTTP Error 500: 
[2026-06-23 14:27:49] Error: HTTP Error 500: 
[2026-06-23 14:37:49] Error: HTTP Error 500: 
[2026-06-23 14:47:49] Error: HTTP Error 500: 
[2026-06-23 14:57:49] Error: HTTP Error 500: 
[2026-06-23 15:07:49] Error: HTTP Error 500: 
[2026-06-23 15:17:49] Error: HTTP Error 500: 
[2026-06-23 15:27:49] Error: HTTP Error 500: 
[2026-06-23 15:37:49] Error: HTTP Error 500: 
[2026-06-23 15:47:49] Error: HTTP Error 500: 
[2026-06-23 15:57:50] Error: HTTP Error 500: 
[2026-06-23 16:07:50] Error: HTTP Error 500: 
[2026-06-23 16:17:50] Error: HTTP Error 500: 
[2026-06-23 16:27:50] Error: HTTP Error 500: 
[2026-06-23 16:37:50] Error: HTTP Error 500: 
[2026-06-23 16:47:50] Error: HTTP Error 500: 
[2026-06-23 16:57:50] Error: HTTP Error 500: 
[2026-06-23 17:07:50] Error: HTTP Error 500: 
[2026-06-23 17:17:50] Error: HTTP Error 500: 
[2026-06-23 17:27:50] Error: HTTP Error 500: 
[2026-06-23 17:37:50] Error: HTTP Error 500: 
[2026-06-23 17:47:53] Error: HTTP Error 500: 
[2026-06-23 17:57:53] Error: HTTP Error 500: 
[2026-06-23 18:07:53] Error: HTTP Error 500: 
[2026-06-23 18:17:53] Error: HTTP Error 500: 
[2026-06-23 18:29:37] Error: <urlopen error [Errno 8] nodename nor servname provided, or not known>
[2026-06-23 20:08:33] Error: HTTP Error 500: 
[2026-06-23 20:18:33] Error: HTTP Error 500: 
[2026-06-23 20:28:33] Error: HTTP Error 500: 
[2026-06-23 20:38:33] Error: HTTP Error 500: 
[2026-06-23 20:48:33] Error: HTTP Error 500: 
[2026-06-23 20:58:33] Error: HTTP Error 500: 
[2026-06-23 21:08:34] Error: HTTP Error 500: 
[2026-06-23 21:18:34] Error: HTTP Error 500: 
[2026-06-23 21:28:34] Error: HTTP Error 500: 
[2026-06-23 21:38:34] Error: HTTP Error 500: 
[2026-06-23 21:48:34] Error: HTTP Error 500: 
[2026-06-23 21:58:34] Error: HTTP Error 500: 
[2026-06-23 22:08:34] Error: HTTP Error 500: 
[2026-06-23 22:18:34] Error: HTTP Error 500: 
[2026-06-23 22:28:35] Error: HTTP Error 500: 
[2026-06-23 22:38:35] Error: HTTP Error 500: 
[2026-06-23 22:48:35] Error: HTTP Error 500: 
[2026-06-23 22:58:35] Error: HTTP Error 500: 
[2026-06-23 23:08:35] Error: HTTP Error 500: 
[2026-06-23 23:18:35] Error: HTTP Error 500: 
[2026-06-23 23:28:35] Error: HTTP Error 500: 
[2026-06-23 23:38:36] Error: HTTP Error 500: 
[2026-06-23 23:48:36] Error: HTTP Error 500: 
[2026-06-23 23:58:36] Error: HTTP Error 500: 
[2026-06-24 00:08:36] Error: HTTP Error 500: 
[2026-06-24 00:18:36] Error: HTTP Error 500: 
[2026-06-24 00:28:36] Error: HTTP Error 500: 
[2026-06-24 00:38:36] Error: HTTP Error 500: 
[2026-06-24 00:48:36] Error: HTTP Error 500: 
[2026-06-24 00:58:37] Error: HTTP Error 500: 
[2026-06-24 01:08:37] Error: HTTP Error 500: 
[2026-06-24 01:18:37] Error: HTTP Error 500: 
[2026-06-24 01:28:37] Error: HTTP Error 500: 
[2026-06-24 01:38:37] Error: HTTP Error 500: 
[2026-06-24 01:48:37] Error: HTTP Error 500: 
[2026-06-24 01:58:37] Error: HTTP Error 500: 
[2026-06-24 02:08:37] Error: HTTP Error 500: 
[2026-06-24 02:18:38] Error: HTTP Error 500: 
[2026-06-24 02:28:38] Error: HTTP Error 500: 
[2026-06-24 02:38:38] Error: HTTP Error 500: 
[2026-06-24 02:48:38] Error: HTTP Error 500: 
[2026-06-24 02:58:38] Error: HTTP Error 500: 
[2026-06-24 03:08:38] Error: HTTP Error 500: 
[2026-06-24 03:18:38] Error: HTTP Error 500: 
[2026-06-24 03:28:38] Error: HTTP Error 500: 
[2026-06-24 03:38:39] Error: HTTP Error 500: 
[2026-06-24 03:48:39] Error: HTTP Error 500: 
[2026-06-24 03:58:39] Error: HTTP Error 500: 
[2026-06-24 04:08:39] Error: HTTP Error 500: 
[2026-06-24 04:18:39] Error: HTTP Error 500: 
[2026-06-24 04:28:39] Error: HTTP Error 500: 
[2026-06-24 04:38:40] Error: HTTP Error 500: 
[2026-06-24 04:48:40] Error: HTTP Error 500: 
[2026-06-24 04:58:40] Error: HTTP Error 500: 
[2026-06-24 05:08:40] Error: HTTP Error 500: 
[2026-06-24 05:18:40] Error: HTTP Error 500: 
[2026-06-24 05:28:40] Error: HTTP Error 500: 
[2026-06-24 05:38:40] Error: HTTP Error 500: 
[2026-06-24 05:48:40] Error: HTTP Error 500: 
[2026-06-24 05:58:40] Error: HTTP Error 500: 
[2026-06-24 06:08:41] Error: HTTP Error 500: 
[2026-06-24 06:18:41] Error: HTTP Error 500: 
[2026-06-24 06:28:41] Error: HTTP Error 500: 
[2026-06-24 06:38:41] Error: HTTP Error 500: 
[2026-06-24 06:48:41] Error: HTTP Error 500: 
[2026-06-24 06:58:41] Error: HTTP Error 500: 
[2026-06-24 07:08:41] Error: HTTP Error 500: 
[2026-06-24 07:18:42] Error: HTTP Error 500: 
[2026-06-24 07:28:42] Error: HTTP Error 500: 
[2026-06-24 07:38:42] Error: HTTP Error 500: 
[2026-06-24 09:01:39] Error: HTTP Error 500: 
[2026-06-24 09:11:39] Error: HTTP Error 500: 
[2026-06-24 09:21:40] Error: HTTP Error 500: 
[2026-06-24 09:31:40] Error: HTTP Error 500: 
[2026-06-24 09:41:40] Error: HTTP Error 500: 
[2026-06-24 09:51:40] Error: HTTP Error 500: 
[2026-06-24 10:01:40] Error: HTTP Error 500: 
[2026-06-24 10:11:40] Error: HTTP Error 500: 
[2026-06-24 10:21:40] Error: HTTP Error 500: 
[2026-06-24 10:31:40] Error: HTTP Error 500: 
[2026-06-24 10:41:40] Error: HTTP Error 500: 
[2026-06-24 10:51:40] Error: HTTP Error 500: 
[2026-06-24 11:01:40] Error: HTTP Error 500: 
[2026-06-24 11:11:40] Error: HTTP Error 500: 
[2026-06-24 11:21:41] Error: HTTP Error 500: 
[2026-06-24 11:31:41] Error: HTTP Error 500: 
[2026-06-24 11:41:41] Error: HTTP Error 500: 
[2026-06-24 11:51:41] Error: HTTP Error 500: 
[2026-06-24 12:01:41] Error: HTTP Error 500: 
[2026-06-24 12:11:41] Error: HTTP Error 500: 
[2026-06-24 12:21:41] Error: HTTP Error 500: 
[2026-06-24 12:31:42] Error: HTTP Error 500: 
[2026-06-24 12:41:42] Error: HTTP Error 500: 
[2026-06-24 12:51:42] Error: HTTP Error 500: 
[2026-06-24 13:01:42] Error: HTTP Error 500: 
[2026-06-24 13:11:42] Error: HTTP Error 500: 
[2026-06-24 13:21:42] Error: HTTP Error 500: 
[2026-06-24 13:31:42] Error: HTTP Error 500: 
[2026-06-24 13:41:42] Error: HTTP Error 500: 
[2026-06-24 13:51:42] Error: HTTP Error 500: 
[2026-06-24 14:01:42] Error: HTTP Error 500: 
[2026-06-24 14:11:42] Error: HTTP Error 500: 
[2026-06-24 14:21:42] Error: HTTP Error 500: 
[2026-06-24 14:31:43] Error: HTTP Error 500: 
[2026-06-24 14:41:43] Error: HTTP Error 500: 
[2026-06-24 14:51:43] Error: HTTP Error 500: 
[2026-06-24 15:01:43] Error: HTTP Error 500: 
[2026-06-24 15:11:43] Error: HTTP Error 500: 
[2026-06-24 15:21:43] Error: HTTP Error 500: 
[2026-06-24 15:31:44] Error: HTTP Error 500: 
[2026-06-24 15:41:44] Error: HTTP Error 500: 
[2026-06-24 15:51:44] Error: HTTP Error 500: 
[2026-06-24 16:01:44] Error: HTTP Error 500: 
[2026-06-24 16:11:45] Error: HTTP Error 500: 
[2026-06-24 16:21:45] Error: HTTP Error 500: 
[2026-06-24 16:31:45] Error: HTTP Error 500: 
[2026-06-24 16:41:45] Error: HTTP Error 500: 
[2026-06-24 16:51:45] Error: HTTP Error 500: 
[2026-06-24 17:01:46] Error: HTTP Error 500: 
[2026-06-24 17:11:46] Error: HTTP Error 500: 
[2026-06-24 17:21:46] Error: HTTP Error 500: 
[2026-06-24 17:31:46] Error: HTTP Error 500: 
[2026-06-24 17:41:47] Error: HTTP Error 500: 
[2026-06-24 17:51:47] Error: HTTP Error 500: 
[2026-06-24 18:01:47] Error: HTTP Error 500: 
[2026-06-24 18:11:47] Error: HTTP Error 500: 
[2026-06-24 18:21:47] Error: HTTP Error 500: 
[2026-06-24 20:53:30] Error: HTTP Error 500: 
[2026-06-24 21:03:31] Error: HTTP Error 500: 
[2026-06-24 21:13:31] Error: HTTP Error 500: 
[2026-06-24 21:23:31] Error: HTTP Error 500: 
[2026-06-24 21:33:31] Error: HTTP Error 500: 
[2026-06-24 21:43:31] Error: HTTP Error 500: 
[2026-06-24 21:53:31] Error: HTTP Error 500: 
[2026-06-24 22:03:31] Error: HTTP Error 500: 
[2026-06-24 22:13:31] Error: HTTP Error 500: 
[2026-06-24 22:23:32] Error: HTTP Error 500: 
[2026-06-24 22:33:32] Error: HTTP Error 500: 
[2026-06-24 22:43:32] Error: HTTP Error 500: 
[2026-06-24 22:53:32] Error: HTTP Error 500: 
[2026-06-24 23:03:32] Error: HTTP Error 500: 
[2026-06-24 23:13:32] Error: HTTP Error 500: 
[2026-06-24 23:23:32] Error: HTTP Error 500: 
[2026-06-24 23:33:33] Error: HTTP Error 500: 
[2026-06-24 23:43:33] Error: HTTP Error 500: 
[2026-06-24 23:53:33] Error: HTTP Error 500: 
[2026-06-25 00:03:33] Error: HTTP Error 500: 
[2026-06-25 00:13:33] Error: HTTP Error 500: 
[2026-06-25 00:23:33] Error: HTTP Error 500: 
[2026-06-25 00:33:33] Error: HTTP Error 500: 
[2026-06-25 00:43:34] Error: HTTP Error 500: 
[2026-06-25 00:53:34] Error: HTTP Error 500: 
[2026-06-25 01:03:34] Error: HTTP Error 500: 
[2026-06-25 01:13:34] Error: HTTP Error 500: 
[2026-06-25 01:23:34] Error: HTTP Error 500: 
[2026-06-25 01:33:34] Error: HTTP Error 500: 
[2026-06-25 01:43:34] Error: HTTP Error 500: 
[2026-06-25 01:53:34] Error: HTTP Error 500: 
[2026-06-25 02:03:35] Error: HTTP Error 500: 
[2026-06-25 02:13:35] Error: HTTP Error 500: 
[2026-06-25 02:23:35] Error: HTTP Error 500: 
[2026-06-25 02:33:35] Error: HTTP Error 500: 
[2026-06-25 02:43:35] Error: HTTP Error 500: 
[2026-06-25 02:53:35] Error: HTTP Error 500: 
[2026-06-25 03:03:35] Error: HTTP Error 500: 
[2026-06-25 03:13:35] Error: HTTP Error 500: 
[2026-06-25 03:23:36] Error: HTTP Error 500: 
[2026-06-25 03:33:36] Error: HTTP Error 500: 
[2026-06-25 03:43:36] Error: HTTP Error 500: 
[2026-06-25 03:53:36] Error: HTTP Error 500: 
[2026-06-25 04:03:36] Error: HTTP Error 500: 
[2026-06-25 04:13:36] Error: HTTP Error 500: 
[2026-06-25 04:23:36] Error: HTTP Error 500: 
[2026-06-25 04:33:36] Error: HTTP Error 500: 
[2026-06-25 04:43:37] Error: HTTP Error 500: 
[2026-06-25 04:53:37] Error: HTTP Error 500: 
[2026-06-25 05:03:37] Error: HTTP Error 500: 
[2026-06-25 05:13:37] Error: HTTP Error 500: 
[2026-06-25 05:23:37] Error: HTTP Error 500: 
[2026-06-25 05:33:37] Error: HTTP Error 500: 
[2026-06-25 05:43:37] Error: HTTP Error 500: 
[2026-06-25 05:53:37] Error: HTTP Error 500: 
[2026-06-25 06:03:38] Error: HTTP Error 500: 
[2026-06-25 06:13:38] Error: HTTP Error 500: 
[2026-06-25 06:23:38] Error: HTTP Error 500: 
[2026-06-25 06:33:38] Error: HTTP Error 500: 
[2026-06-25 06:43:38] Error: HTTP Error 500: 
[2026-06-25 06:53:38] Error: HTTP Error 500: 
[2026-06-25 07:03:38] Error: HTTP Error 500: 
[2026-06-25 07:13:38] Error: HTTP Error 500: 
[2026-06-25 07:23:39] Error: HTTP Error 500: 
[2026-06-25 07:33:39] Error: HTTP Error 500: 
[2026-06-25 08:56:24] Error: HTTP Error 500: 
[2026-06-25 09:06:26] Error: HTTP Error 500: 
[2026-06-25 09:16:26] Error: HTTP Error 500: 
[2026-06-25 09:26:26] Error: HTTP Error 500: 
[2026-06-25 09:36:26] Error: HTTP Error 500: 
[2026-06-25 09:46:26] Error: HTTP Error 500: 
[2026-06-25 09:56:26] Error: HTTP Error 500: 
[2026-06-25 10:06:27] Error: HTTP Error 500: 
[2026-06-25 10:16:27] Error: HTTP Error 500: 
[2026-06-25 10:26:27] Error: HTTP Error 500: 
[2026-06-25 10:36:27] Error: HTTP Error 500: 
[2026-06-25 10:46:27] Error: HTTP Error 500: 
[2026-06-25 10:56:27] Error: HTTP Error 500: 
[2026-06-25 11:06:27] Error: HTTP Error 500: 
[2026-06-25 11:16:28] Error: HTTP Error 500: 
[2026-06-25 11:26:28] Error: HTTP Error 500: 
[2026-06-25 11:36:28] Error: HTTP Error 500: 
[2026-06-25 11:46:28] Error: HTTP Error 500: 
[2026-06-25 11:56:28] Error: HTTP Error 500: 
[2026-06-25 12:06:28] Error: HTTP Error 500: 
[2026-06-25 12:16:29] Error: HTTP Error 500: 
[2026-06-25 12:26:29] Error: HTTP Error 500: 
[2026-06-25 12:36:29] Error: HTTP Error 500: 
[2026-06-25 12:46:29] Error: HTTP Error 500: 
[2026-06-25 12:56:29] Error: HTTP Error 500: 
[2026-06-25 13:06:29] Error: HTTP Error 500: 
[2026-06-25 13:16:30] Error: HTTP Error 500: 
[2026-06-25 13:26:30] Error: HTTP Error 500: 
[2026-06-25 13:36:30] Error: HTTP Error 500: 
[2026-06-25 13:46:30] Error: HTTP Error 500: 
[2026-06-25 13:56:30] Error: HTTP Error 500: 
[2026-06-25 14:06:30] Error: HTTP Error 500: 
[2026-06-25 14:16:30] Error: HTTP Error 500: 
[2026-06-25 14:26:30] Error: HTTP Error 500: 
[2026-06-25 14:36:30] Error: HTTP Error 500: 
[2026-06-25 14:46:31] Error: HTTP Error 500: 
[2026-06-25 14:56:31] Error: HTTP Error 500: 
[2026-06-25 15:06:31] Error: HTTP Error 500: 
[2026-06-25 15:16:31] Error: HTTP Error 500: 
[2026-06-25 15:26:31] Error: HTTP Error 500: 
[2026-06-25 15:36:31] Error: HTTP Error 500: 
[2026-06-25 15:46:32] Error: HTTP Error 500: 
[2026-06-25 15:56:32] Error: HTTP Error 500: 
[2026-06-25 16:06:32] Error: HTTP Error 500: 
[2026-06-25 16:16:32] Error: HTTP Error 500: 
[2026-06-25 16:26:32] Error: HTTP Error 500: 
[2026-06-25 16:36:33] Error: HTTP Error 500: 
[2026-06-25 16:46:33] Error: HTTP Error 500: 
[2026-06-25 16:56:33] Error: HTTP Error 500: 
[2026-06-25 17:06:33] Error: HTTP Error 500: 
[2026-06-25 17:16:33] Error: HTTP Error 500: 
[2026-06-25 17:26:33] Error: HTTP Error 500: 
[2026-06-25 17:36:33] Error: HTTP Error 500: 
[2026-06-25 17:46:34] Error: HTTP Error 500: 
[2026-06-25 17:56:34] Error: HTTP Error 500: 
[2026-06-25 18:06:34] Error: HTTP Error 500: 
[2026-06-25 18:32:58] Error: <urlopen error [Errno 8] nodename nor servname provided, or not known>
[2026-06-25 21:17:14] Error: HTTP Error 500: 
[2026-06-25 21:27:14] Error: HTTP Error 500: 
[2026-06-25 21:37:15] Error: HTTP Error 500: 
[2026-06-25 21:47:15] Error: HTTP Error 500: 
[2026-06-25 23:11:57] Error: <urlopen error timed out>
[2026-06-26 03:42:44] Error: <urlopen error timed out>
[2026-06-26 08:47:30] Error: HTTP Error 500: 
[2026-06-26 08:57:30] Error: HTTP Error 500: 
[2026-06-26 09:07:30] Error: HTTP Error 500: 
[2026-06-26 09:17:30] Error: HTTP Error 500: 
[2026-06-26 09:27:30] Error: HTTP Error 500: 
[2026-06-26 09:37:30] Error: HTTP Error 500: 
[2026-06-26 09:47:30] Error: HTTP Error 500: 
[2026-06-26 09:57:30] Error: HTTP Error 500: 
[2026-06-26 10:07:31] Error: HTTP Error 500: 
[2026-06-26 10:17:31] Error: HTTP Error 500: 
[2026-06-26 10:27:31] Error: HTTP Error 500: 
[2026-06-26 10:37:31] Error: HTTP Error 500: 
[2026-06-26 10:47:31] Error: HTTP Error 500: 
[2026-06-26 10:57:31] Error: HTTP Error 500: 
[2026-06-26 11:07:32] Error: HTTP Error 500: 
[2026-06-26 11:17:32] Error: HTTP Error 500: 
[2026-06-26 11:27:32] Error: HTTP Error 500: 
[2026-06-26 11:37:32] Error: HTTP Error 500: 
[2026-06-26 11:47:32] Error: HTTP Error 500: 
[2026-06-26 11:57:32] Error: HTTP Error 500: 
[2026-06-26 12:07:32] Error: HTTP Error 500: 
[2026-06-26 12:17:33] Error: HTTP Error 500: 
[2026-06-26 12:27:33] Error: HTTP Error 500: 
[2026-06-26 12:37:33] Error: HTTP Error 500: 
[2026-06-26 12:47:33] Error: HTTP Error 500: 
[2026-06-26 12:57:33] Error: HTTP Error 500: 
[2026-06-26 13:07:33] Error: HTTP Error 500: 
[2026-06-26 13:17:33] Error: HTTP Error 500: 
[2026-06-26 13:27:33] Error: HTTP Error 500: 
[2026-06-26 13:37:33] Error: HTTP Error 500: 
[2026-06-26 13:47:34] Error: HTTP Error 500: 
[2026-06-26 13:57:34] Error: HTTP Error 500: 
[2026-06-26 14:07:34] Error: HTTP Error 500: 
[2026-06-26 14:17:34] Error: HTTP Error 500: 
[2026-06-26 14:27:34] Error: HTTP Error 500: 
[2026-06-26 14:37:34] Error: HTTP Error 500: 
[2026-06-26 14:47:34] Error: HTTP Error 500: 
[2026-06-26 14:57:34] Error: HTTP Error 500: 
[2026-06-26 15:07:35] Error: HTTP Error 500: 
[2026-06-26 15:17:35] Error: HTTP Error 500: 
[2026-06-26 15:27:35] Error: HTTP Error 500: 
[2026-06-26 15:37:35] Error: HTTP Error 500: 
[2026-06-26 15:47:35] Error: HTTP Error 500: 
[2026-06-26 15:57:35] Error: HTTP Error 500: 
[2026-06-26 16:07:35] Error: HTTP Error 500: 
[2026-06-26 16:17:35] Error: HTTP Error 500: 
[2026-06-26 16:27:35] Error: HTTP Error 500: 
[2026-06-26 16:37:36] Error: HTTP Error 500: 
[2026-06-26 16:47:36] Error: HTTP Error 500: 
[2026-06-26 16:57:36] Error: HTTP Error 500: 
[2026-06-26 18:48:57] Error: <urlopen error timed out>
[2026-06-26 20:02:07] Error: <urlopen error timed out>
[2026-06-26 20:40:09] Error: HTTP Error 500: 
[2026-06-26 20:50:09] Error: HTTP Error 500: 
[2026-06-26 21:00:09] Error: HTTP Error 500: 
[2026-06-26 21:10:09] Error: HTTP Error 500: 
[2026-06-26 21:20:09] Error: HTTP Error 500: 
[2026-06-26 21:30:09] Error: HTTP Error 500: 
[2026-06-26 21:40:11] Error: HTTP Error 500: 
[2026-06-26 22:55:51] Error: <urlopen error [Errno 60] Operation timed out>
[2026-06-27 01:43:26] Error: <urlopen error timed out>
[2026-06-27 04:45:54] Error: <urlopen error [Errno 60] Operation timed out>
[2026-06-27 07:00:27] Error: <urlopen error timed out>
[2026-06-27 09:34:38] Error: <urlopen error timed out>
[2026-06-27 12:05:30] Error: <urlopen error timed out>
[2026-06-27 15:06:44] Error: <urlopen error timed out>
[2026-06-27 17:41:47] Error: <urlopen error [Errno 60] Operation timed out>
[2026-06-27 19:46:41] Error: <urlopen error timed out>
[2026-06-27 21:21:38] Error: <urlopen error timed out>
[2026-06-27 22:30:57] Error: <urlopen error timed out>
[2026-06-27 23:44:25] Error: <urlopen error timed out>
[2026-06-28 01:59:48] Error: <urlopen error timed out>
[2026-06-28 05:31:08] Error: <urlopen error timed out>
[2026-06-28 07:56:39] Error: <urlopen error timed out>
[2026-06-28 09:03:52] Error: <urlopen error timed out>
[2026-06-28 11:37:11] Error: <urlopen error timed out>
[2026-06-28 14:41:26] Error: <urlopen error timed out>
[2026-06-28 17:56:30] Error: <urlopen error [Errno 60] Operation timed out>
[2026-06-28 21:07:05] Error: <urlopen error [Errno 60] Operation timed out>
[2026-06-29 00:15:38] Error: <urlopen error timed out>
[2026-06-29 02:53:58] Error: <urlopen error timed out>
[2026-06-29 04:08:15] Error: <urlopen error timed out>
[2026-06-29 05:17:58] Error: <urlopen error timed out>
[2026-06-29 06:32:16] Error: <urlopen error timed out>
[2026-06-29 07:34:29] Error: <urlopen error timed out>
[2026-06-29 08:58:31] Error: HTTP Error 500: 
[2026-06-29 09:08:32] Error: HTTP Error 500: 
[2026-06-29 09:18:32] Error: HTTP Error 500: 
[2026-06-29 09:28:32] Error: HTTP Error 500: 
[2026-06-29 09:38:32] Error: HTTP Error 500: 
[2026-06-29 09:48:32] Error: HTTP Error 500: 
[2026-06-29 09:58:32] Error: HTTP Error 500: 
[2026-06-29 10:08:32] Error: HTTP Error 500: 
[2026-06-29 10:18:32] Error: HTTP Error 500: 
[2026-06-29 10:28:32] Error: HTTP Error 500: 
[2026-06-29 10:38:33] Error: HTTP Error 500: 
[2026-06-29 10:48:33] Error: HTTP Error 500: 
[2026-06-29 10:58:33] Error: HTTP Error 500: 
[2026-06-29 11:08:33] Error: HTTP Error 500: 
[2026-06-29 11:18:33] Error: HTTP Error 500: 
[2026-06-29 11:28:33] Error: HTTP Error 500: 
[2026-06-29 11:38:33] Error: HTTP Error 500: 
[2026-06-29 11:48:33] Error: HTTP Error 500: 
[2026-06-29 11:58:33] Error: HTTP Error 500: 
[2026-06-29 12:08:34] Error: HTTP Error 500: 
[2026-06-29 12:18:34] Error: HTTP Error 500: 
[2026-06-29 12:28:34] Error: HTTP Error 500: 
[2026-06-29 12:38:34] Error: HTTP Error 500: 
[2026-06-29 12:48:34] Error: HTTP Error 500: 
[2026-06-29 12:58:34] Error: HTTP Error 500: 
[2026-06-29 13:08:34] Error: HTTP Error 500: 
[2026-06-29 13:18:34] Error: HTTP Error 500: 
[2026-06-29 13:28:34] Error: HTTP Error 500: 
[2026-06-29 13:38:34] Error: HTTP Error 500: 
[2026-06-29 13:48:34] Error: HTTP Error 500: 
[2026-06-29 13:58:35] Error: HTTP Error 500: 
[2026-06-29 14:08:35] Error: HTTP Error 500: 
[2026-06-29 14:18:35] Error: HTTP Error 500: 
[2026-06-29 14:28:36] Error: HTTP Error 500: 
[2026-06-29 14:38:36] Error: HTTP Error 500: 
[2026-06-29 14:48:36] Error: HTTP Error 500: 
[2026-06-29 14:58:36] Error: HTTP Error 500: 
[2026-06-29 15:08:37] Error: HTTP Error 500: 
[2026-06-29 15:18:37] Error: HTTP Error 500: 
[2026-06-29 15:28:37] Error: HTTP Error 500: 
[2026-06-29 15:38:37] Error: HTTP Error 500: 
[2026-06-29 15:48:37] Error: HTTP Error 500: 
[2026-06-29 15:58:37] Error: HTTP Error 500: 
[2026-06-29 16:08:37] Error: HTTP Error 500: 
[2026-06-29 16:18:37] Error: HTTP Error 500: 
[2026-06-29 16:28:37] Error: HTTP Error 500: 
[2026-06-29 16:38:37] Error: HTTP Error 500: 
[2026-06-29 16:48:37] Error: HTTP Error 500: 
[2026-06-29 16:58:37] Error: HTTP Error 500: 
[2026-06-29 17:08:38] Error: HTTP Error 500: 
[2026-06-29 17:18:38] Error: HTTP Error 500: 
[2026-06-29 17:28:38] Error: HTTP Error 500: 
[2026-06-29 17:38:38] Error: HTTP Error 500: 
[2026-06-29 17:48:38] Error: HTTP Error 500: 
[2026-06-29 17:59:08] Error: <urlopen error [Errno 8] nodename nor servname provided, or not known>
[2026-06-29 18:09:08] Error: HTTP Error 500: 
[2026-06-29 18:19:08] Error: HTTP Error 500: 
[2026-06-29 18:29:08] Error: HTTP Error 500: 
[2026-06-29 18:39:08] Error: HTTP Error 500: 
[2026-06-29 18:49:08] Error: HTTP Error 500: 
[2026-06-29 18:59:08] Error: HTTP Error 500: 
[2026-06-29 19:09:09] Error: HTTP Error 500: 
[2026-06-29 19:19:09] Error: HTTP Error 500: 
[2026-06-29 19:29:09] Error: HTTP Error 500: 
[2026-06-29 19:39:09] Error: HTTP Error 500: 
[2026-06-29 19:49:09] Error: HTTP Error 500: 
[2026-06-29 21:24:30] Error: <urlopen error timed out>
[2026-06-29 22:23:51] Error: <urlopen error timed out>
[2026-06-29 23:36:20] Error: <urlopen error timed out>
[2026-06-30 01:57:23] Error: <urlopen error timed out>
[2026-06-30 05:04:18] Error: <urlopen error timed out>
[2026-06-30 08:43:21] Error: <urlopen error [Errno 8] nodename nor servname provided, or not known>
[2026-06-30 09:03:29] Error: HTTP Error 500: 
[2026-06-30 09:13:29] Error: HTTP Error 500: 
[2026-06-30 09:23:29] Error: HTTP Error 500: 
[2026-06-30 09:33:29] Error: HTTP Error 500: 
[2026-06-30 09:43:30] Error: HTTP Error 500: 
[2026-06-30 09:53:30] Error: HTTP Error 500: 
[2026-06-30 10:03:30] Error: HTTP Error 500: 
[2026-06-30 10:13:30] Error: HTTP Error 500: 
[2026-06-30 10:23:30] Error: HTTP Error 500: 
[2026-06-30 10:33:30] Error: HTTP Error 500: 
[2026-06-30 10:43:30] Error: HTTP Error 500: 
[2026-06-30 10:53:31] Error: HTTP Error 500: 
[2026-06-30 11:03:31] Error: HTTP Error 500: 
[2026-06-30 11:13:31] Error: HTTP Error 500: 
[2026-06-30 11:23:31] Error: HTTP Error 500: 
[2026-06-30 11:33:31] Error: HTTP Error 500: 
[2026-06-30 11:43:31] Error: HTTP Error 500: 
[2026-06-30 11:53:31] Error: HTTP Error 500: 
[2026-06-30 12:03:34] Error: HTTP Error 500: 
[2026-06-30 12:13:34] Error: HTTP Error 500: 
[2026-06-30 12:23:34] Error: HTTP Error 500: 
[2026-06-30 12:33:35] Error: HTTP Error 500: 
[2026-06-30 12:43:35] Error: HTTP Error 500: 
[2026-06-30 12:53:35] Error: HTTP Error 500: 
[2026-06-30 13:03:36] Error: HTTP Error 500: 
[2026-06-30 13:13:36] Error: HTTP Error 500: 
[2026-06-30 13:23:36] Error: HTTP Error 500: 
[2026-06-30 13:33:36] Error: HTTP Error 500: 
[2026-06-30 13:43:36] Error: HTTP Error 500: 
[2026-06-30 13:53:36] Error: HTTP Error 500: 
[2026-06-30 14:03:36] Error: HTTP Error 500: 
[2026-06-30 14:13:36] Error: HTTP Error 500: 
[2026-06-30 14:23:37] Error: HTTP Error 500: 
[2026-06-30 14:33:37] Error: HTTP Error 500: 
[2026-06-30 14:43:37] Error: HTTP Error 500: 
[2026-06-30 14:53:37] Error: HTTP Error 500: 
[2026-06-30 15:03:37] Error: HTTP Error 500: 
[2026-06-30 15:13:37] Error: HTTP Error 500: 
[2026-06-30 15:23:37] Error: HTTP Error 500: 
[2026-06-30 15:33:38] Error: HTTP Error 500: 
[2026-06-30 15:43:38] Error: HTTP Error 500: 
[2026-06-30 15:53:38] Error: HTTP Error 500: 
[2026-06-30 16:03:38] Error: HTTP Error 500: 
[2026-06-30 16:13:38] Error: HTTP Error 500: 
[2026-06-30 16:23:38] Error: HTTP Error 500: 
[2026-06-30 16:33:38] Error: HTTP Error 500: 
[2026-06-30 16:43:38] Error: HTTP Error 500: 
[2026-06-30 16:53:38] Error: HTTP Error 500: 
[2026-06-30 17:03:38] Error: HTTP Error 500: 
[2026-06-30 17:13:38] Error: HTTP Error 500: 
[2026-06-30 17:23:39] Error: HTTP Error 500: 
[2026-06-30 17:33:39] Error: HTTP Error 500: 
[2026-06-30 17:43:39] Error: HTTP Error 500: 
[2026-06-30 17:53:39] Error: HTTP Error 500: 
[2026-06-30 18:03:39] Error: HTTP Error 500: 
[2026-06-30 18:19:50] Error: <urlopen error timed out>
[2026-06-30 22:16:30] Error: <urlopen error timed out>
[2026-07-01 00:10:41] Error: <urlopen error timed out>
[2026-07-01 00:41:11] Error: <urlopen error timed out>
[2026-07-01 01:49:36] Error: <urlopen error timed out>
[2026-07-01 03:01:55] Error: <urlopen error timed out>
[2026-07-01 04:10:12] Error: <urlopen error timed out>
[2026-07-01 05:09:50] Error: <urlopen error timed out>
[2026-07-01 06:18:15] Error: <urlopen error timed out>
[2026-07-01 07:26:23] Error: <urlopen error timed out>
[2026-07-01 08:57:16] Error: HTTP Error 500: 
